#Scan#	SpectrumFile	Annotation	OrigAnnotation	Protein	dbIndex	numMods	matchOrientation	startMass	Charge	MQScore	p-value	isDecoy	StrictEnvelopeScore	UnstrictEvelopeScore	CompoundName	Organism	FileScanUniqueID	FDR	LibraryName	mzErrorPPM	LibMetaData	Smiles	Inchi	LibSearchSharedPeaks	Abundance	ParentMassDiff	SpecMZ	ExactMass	LibrarySpectrumID
167	spectra_filtered.mgf	*..*		:154	3126	-1	0	182.081	1	0.999695	0	0	51351600.0	7658000.0	Spectral Match to L-Tyrosine from NIST14 M+H	GNPS-NIST14-MATCHES	temp/spectra_filtered.mgf167	-1	GNPS-NIST14-MATCHES.mgf	2.26266				7	0	0.000411987	182.081	0	CCMSLIB00003137613
252	spectra_filtered.mgf	*..*		:868	50109	-1	0	220.118	1	0.999486	0	0	238.1	1672000.0	PANTOTHENIC ACID M+H	MONA	temp/spectra_filtered.mgf252	-1	MONA.mgf	0.485247				11	0	0.000106812	220.118	0	CCMSLIB00006679138
153	spectra_filtered.mgf	*..*		:451	897	-1	0	150.058	1	0.998685	0	0	29056500.0	7670000.0	L-methionine CollisionEnergy:102040 M+H	BERKELEY-LAB	temp/spectra_filtered.mgf153	-1	BERKELEY-LAB.mgf	3.96575				7	0	0.000595093	150.059	0	CCMSLIB00010102885
94	spectra_filtered.mgf	*..*		:118	3331	-1	0	148.04	1	0.997524	0	0	16374900.0	6006000.0	Glutamic acid M+H	GNPS-LIBRARY	temp/spectra_filtered.mgf94	-1	GNPS-LIBRARY.mgf	266.854				6	0	0.039505	148.079	0	CCMSLIB00003740029
103	spectra_filtered.mgf	*..*		:118	3331	-1	0	148.04	1	0.997524	0	0	16374900.0	6006000.0	Glutamic acid M+H	GNPS-LIBRARY	temp/spectra_filtered.mgf103	-1	GNPS-LIBRARY.mgf	222.326				6	0	0.0329132	148.073	0	CCMSLIB00003740029
36	spectra_filtered.mgf	*..*		:118	3331	-1	0	148.04	1	0.997381	0	0	16374900.0	4048000.0	Glutamic acid M+H	GNPS-LIBRARY	temp/spectra_filtered.mgf36	-1	GNPS-LIBRARY.mgf	513.402				6	0	0.076004	148.116	0	CCMSLIB00003740029
33	spectra_filtered.mgf	*..*		:118	3331	-1	0	148.04	1	0.997299	0	0	16374900.0	4146000.0	Glutamic acid M+H	GNPS-LIBRARY	temp/spectra_filtered.mgf33	-1	GNPS-LIBRARY.mgf	472.173				6	0	0.0699005	148.11	0	CCMSLIB00003740029
80	spectra_filtered.mgf	*..*		:134	3783	-1	0	175.119	1	0.99715	0	0	19825300.0	70660000.0	Spectral Match to L-Arginine from NIST14 M+H	GNPS-NIST14-MATCHES	temp/spectra_filtered.mgf80	-1	GNPS-NIST14-MATCHES.mgf	0.522803				8	0	9.15527e-05	175.119	0	CCMSLIB00003138270
201	spectra_filtered.mgf	*..*		:134	3783	-1	0	175.119	1	0.996934	0	0	19825300.0	7667000.0	Spectral Match to L-Arginine from NIST14 M+H	GNPS-NIST14-MATCHES	temp/spectra_filtered.mgf201	-1	GNPS-NIST14-MATCHES.mgf	0.522803				8	0	9.15527e-05	175.119	0	CCMSLIB00003138270
85	spectra_filtered.mgf	*..*		:118	3331	-1	0	148.04	1	0.996571	0	0	16374900.0	6785000.0	Glutamic acid M+H	GNPS-LIBRARY	temp/spectra_filtered.mgf85	-1	GNPS-LIBRARY.mgf	470.833				6	0	0.0697021	148.11	0	CCMSLIB00003740029
230	spectra_filtered.mgf	*..*		:916	50157	-1	0	166.086	1	0.996172	0	0	108.7	8944000.0	PHENYLALANINE M+H	MONA	temp/spectra_filtered.mgf230	-1	MONA.mgf	2.38869				6	0	0.000396729	166.086	0	CCMSLIB00006679186
140	spectra_filtered.mgf	*..*		:13726	13726	-1	0	348.07	1	0.99579	0	0	109.427	10863000.0	adenosine 5'-monophosphate [M+H]+	MSNLIB-POSITIVE	temp/spectra_filtered.mgf140	-1	MSNLIB-POSITIVE.mgf	1.1398				7	0	0.000396729	348.07	0	CCMSLIB00012288027
182	spectra_filtered.mgf	*..*		:292	3313	-1	0	265.112	1	0.994812	0	0	10771400.0	22224000.0	Spectral Match to Thiamine cation from NIST14 Cat	GNPS-NIST14-MATCHES	temp/spectra_filtered.mgf182	-1	GNPS-NIST14-MATCHES.mgf	0.345336				6	0	9.15527e-05	265.112	0	CCMSLIB00003137800
97	spectra_filtered.mgf	*..*		:1564	52688	-1	0	120.066	1	0.994525	0	0	215.2	13478000.0	THREONINE M+H	MONA	temp/spectra_filtered.mgf97	-1	MONA.mgf	1.65213				6	0	0.000198364	120.066	0	CCMSLIB00006681717
109	spectra_filtered.mgf	*..*		:1145	50386	-1	0	184.074	1	0.994238	0	0	99.2	932300.0	PHOSPHOCHOLINE M	MONA	temp/spectra_filtered.mgf109	-1	MONA.mgf	3.31579				6	0	0.000610352	184.073	0	CCMSLIB00006679415
169	spectra_filtered.mgf	*..*		:153	3643	-1	0	165.051	1	0.993542	0	0	2051810.0	839000.0	Spectral Match to L-Tyrosine from NIST14 M+H-NH3	GNPS-NIST14-MATCHES	temp/spectra_filtered.mgf169	-1	GNPS-NIST14-MATCHES.mgf	23.0198				6	0	0.00379944	165.055	0	CCMSLIB00003138130
145	spectra_filtered.mgf	*..*		:292	3313	-1	0	265.112	1	0.993459	0	0	10771400.0	11583000.0	Spectral Match to Thiamine cation from NIST14 Cat	GNPS-NIST14-MATCHES	temp/spectra_filtered.mgf145	-1	GNPS-NIST14-MATCHES.mgf	0.0				7	0	0.0	265.112	0	CCMSLIB00003137800
90	spectra_filtered.mgf	*..*		:279	5063	-1	0	156.077	1	0.993362	0	0	1666050.0	2545000.0	Spectral Match to L-Histidine from METLIN M+H	GNPS-NIST14-MATCHES	temp/spectra_filtered.mgf90	-1	GNPS-NIST14-MATCHES.mgf	1.27094				6	0	0.000198364	156.077	0	CCMSLIB00003139550
158	spectra_filtered.mgf	*..*		:126	3752	-1	0	137.046	1	0.99322	0	0	6474210.0	1173000.0	Spectral Match to Hypoxanthine from NIST14 M+H	GNPS-NIST14-MATCHES	temp/spectra_filtered.mgf158	-1	GNPS-NIST14-MATCHES.mgf	0.0				7	0	0.0	137.046	0	CCMSLIB00003138239
256	spectra_filtered.mgf	*..*		:1248	50489	-1	0	205.097	1	0.993207	0	0	217.2	1478900.0	TRYPTOPHAN M+H	MONA	temp/spectra_filtered.mgf256	-1	MONA.mgf	1.48796				8	0	0.000305176	205.097	0	CCMSLIB00006679518
124	spectra_filtered.mgf	*..*		:292	3313	-1	0	265.112	1	0.992927	0	0	10771400.0	30101000.0	Spectral Match to Thiamine cation from NIST14 Cat	GNPS-NIST14-MATCHES	temp/spectra_filtered.mgf124	-1	GNPS-NIST14-MATCHES.mgf	0.805784				6	0	0.000213623	265.112	0	CCMSLIB00003137800
104	spectra_filtered.mgf	*..*		:118	3331	-1	0	148.04	1	0.9929	0	0	16374900.0	8630000.0	Glutamic acid M+H	GNPS-LIBRARY	temp/spectra_filtered.mgf104	-1	GNPS-LIBRARY.mgf	138.529				6	0	0.0205078	148.061	0	CCMSLIB00003740029
31	spectra_filtered.mgf	*..*		:10390	10390	-1	0	147.113	1	0.992857	0	0	12870.2	8444000.0	Massbank:PB000428 Lysine|2,6-diaminohexanoic acid [M+H]+	MASSBANK	temp/spectra_filtered.mgf31	-1	MASSBANK.mgf	0.726051				6	0	0.000106812	147.113	0	CCMSLIB00000221732
163	spectra_filtered.mgf	*..*		:4952	5398	-1	0	124.039	1	0.99095	0	0	3979410.0	615500.0	nicotinic acid CollisionEnergy:102040 M+H	BERKELEY-LAB	temp/spectra_filtered.mgf163	-1	BERKELEY-LAB.mgf	5.65874				6	0	0.000701904	124.04	0	CCMSLIB00010107386
179	spectra_filtered.mgf	*..*		:44618	44618	-1	0	267.109	1	0.990521	0	0	104.818	9288800.0	3-DEAZAADENOSINE [M+H]+	MSNLIB-POSITIVE	temp/spectra_filtered.mgf179	-1	MSNLIB-POSITIVE.mgf	3723.91				8	0	0.99469	268.104	0	CCMSLIB00012357130
111	spectra_filtered.mgf	*..*		:971	50212	-1	0	258.11	1	0.988901	0	0	130.4	1902200.0	SN-GLYCERO-3-PHOSPHOCHOLINE M+H	MONA	temp/spectra_filtered.mgf111	-1	MONA.mgf	0.827643				6	0	0.000213623	258.11	0	CCMSLIB00006679241
254	spectra_filtered.mgf	*..*		:704	906	-1	0	298.09	1	0.987322	0	0	4180990.0	1439100.0	Spectral Match to Adenosine, 5'-S-methyl-5'-thio- from NIST14 M+H	GNPS-NIST14-MATCHES	temp/spectra_filtered.mgf254	-1	GNPS-NIST14-MATCHES.mgf	22.8301				7	0	0.00680542	298.097	0	CCMSLIB00003135392
217	spectra_filtered.mgf	*..*		:46486	46486	-1	0	148.06	1	0.986691	0	0	153.924	253800.0	L-glutamic acid [M+H]+	MSNLIB-POSITIVE	temp/spectra_filtered.mgf217	-1	MSNLIB-POSITIVE.mgf	3.40092				6	0	0.00050354	148.061	0	CCMSLIB00012360873
137	spectra_filtered.mgf	*..*		:1616	50857	-1	0	385.129	1	0.986118	0	0	215.4	2891500.0	S-(5'-ADENOSYL)-L-HOMOCYSTEINE M+H	MONA	temp/spectra_filtered.mgf137	-1	MONA.mgf	0.23772				7	0	9.15527e-05	385.129	0	CCMSLIB00006679886
306	spectra_filtered.mgf	*..*		:14757	12814	-1	0	342.264	1	0.98557	0	0	142.177	853000.0	TOFA [M+NH4]+	CMMC-REFRAME-POSITIVE-LIBRARY	temp/spectra_filtered.mgf306	-1	CMMC-REFRAME-POSITIVE-LIBRARY.mgf	0.356655				9	0	0.00012207	342.264	0	CCMSLIB00012267127
278	spectra_filtered.mgf	*..*		:2092	3256	-1	0	245.095	1	0.985316	0	0	830970.0	2111100.0	Spectral Match to Biotin from NIST14 M+H	GNPS-NIST14-MATCHES	temp/spectra_filtered.mgf278	-1	GNPS-NIST14-MATCHES.mgf	2.42801				11	0	0.000595093	245.096	0	CCMSLIB00003137743
154	spectra_filtered.mgf	*..*		:38	692	-1	0	308.091	1	0.98466	0	0	2982180.0	19563000.0	GLUTATHIONE REDUCED M+H	GNPS-MSMLS	temp/spectra_filtered.mgf154	-1	GNPS-MSMLS.mgf	1.58486				15	0	0.000488281	308.091	0	CCMSLIB00005464443
324	spectra_filtered.mgf	*..*		:3	591	-1	0	274.274	1	0.984313	0	0	26.264	431000.0	C16:0 [M+NH4]+	CMMC-LIBRARY	temp/spectra_filtered.mgf324	-1	CMMC-LIBRARY.mgf	0.0				8	0	0.0	274.274	0	CCMSLIB00012471605
255	spectra_filtered.mgf	*..*		:910	4638	-1	0	188.07	1	0.98364	0	0	783718.0	1196800.0	Spectral Match to L-Tryptophan from NIST14 M+H-NH3	GNPS-NIST14-MATCHES	temp/spectra_filtered.mgf255	-1	GNPS-NIST14-MATCHES.mgf	3.65101				6	0	0.000686646	188.071	0	CCMSLIB00003139125
191	spectra_filtered.mgf	*..*		:44618	44618	-1	0	267.109	1	0.982907	0	0	104.818	3339000.0	3-DEAZAADENOSINE [M+H]+	MSNLIB-POSITIVE	temp/spectra_filtered.mgf191	-1	MSNLIB-POSITIVE.mgf	3723.91				8	0	0.99469	268.104	0	CCMSLIB00012357130
126	spectra_filtered.mgf	*..*		:778	1224	-1	0	133.06	1	0.980693	0	0	11219200.0	927000.0	thiamine CollisionEnergy:102040 M+H]	BERKELEY-LAB	temp/spectra_filtered.mgf126	-1	BERKELEY-LAB.mgf	3769.74				7	0	0.501602	133.562	0	CCMSLIB00010103212
504	spectra_filtered.mgf	*..*		:755	1201	-1	0	731.606	1	0.980078	0	0	33576000.0	12541000.0	Sphingomyelin (d18:1/18:0) CollisionEnergy:102040 M	BERKELEY-LAB	temp/spectra_filtered.mgf504	-1	BERKELEY-LAB.mgf	1459.38				7	0	1.06769	730.538	0	CCMSLIB00010103189
376	spectra_filtered.mgf	*..*		:39194	51193	-1	0	250.119	1	0.980073	0	0	2136530.0	212200.0	Massbank:LU040703 2,4,6-Tris(allyloxy)-1,3,5-triazine|Triallyl cyanurate|2,4,6-tris(prop-2-enoxy)-1,3,5-triazine M+H	MASSBANK	temp/spectra_filtered.mgf376	-1	MASSBANK.mgf	1.22012				9	0	0.000305176	250.119	0	CCMSLIB00005764745
184	spectra_filtered.mgf	*..*		:1	93	-1	0	325.13	1	0.979185	0	0	70999900.0	1220400.0	Uridine 5_-monophosphate M+H	GNPS-EMBL-MCF	temp/spectra_filtered.mgf184	-1	GNPS-EMBL-MCF.mgf	266.664				6	0	0.0867004	325.043	0	CCMSLIB00000479749
222	spectra_filtered.mgf	*..*		:38	692	-1	0	308.091	1	0.979169	0	0	2982180.0	714700.0	GLUTATHIONE REDUCED M+H	GNPS-MSMLS	temp/spectra_filtered.mgf222	-1	GNPS-MSMLS.mgf	0.990538				15	0	0.000305176	308.091	0	CCMSLIB00005464443
127	spectra_filtered.mgf	*..*		:503	5226	-1	0	360.15	1	0.979098	0	0	472221.0	219300.0	Spectral Match to Palatinose from NIST14 M+NH4	GNPS-NIST14-MATCHES	temp/spectra_filtered.mgf127	-1	GNPS-NIST14-MATCHES.mgf	0.59315				8	0	0.000213623	360.15	0	CCMSLIB00003139713
346	spectra_filtered.mgf	*..*		:9952	8620	-1	0	318.3	1	0.978492	0	0	170.296	1080500.0	phytosphingosine [M+H]+	CMMC-REFRAME-POSITIVE-LIBRARY	temp/spectra_filtered.mgf346	-1	CMMC-REFRAME-POSITIVE-LIBRARY.mgf	0.958768				12	0	0.000305176	318.3	0	CCMSLIB00012260331
193	spectra_filtered.mgf	*..*		:3048	54172	-1	0	258.11	1	0.97707	0	0	124.3	334200.0	SN-GLYCERO-3-PHOSPHOCHOLINE M+H	MONA	temp/spectra_filtered.mgf193	-1	MONA.mgf	2.00999				6	0	0.000518799	258.111	0	CCMSLIB00006683201
107	spectra_filtered.mgf	*..*		:36	836	-1	0	399.145	1	0.973519	0	0	494951.0	2322900.0	S-ADENOSYLMETHIONINE M+H	GNPS-MSMLS	temp/spectra_filtered.mgf107	-1	GNPS-MSMLS.mgf	0.688116				11	0	0.000274658	399.145	0	CCMSLIB00005464587
178	spectra_filtered.mgf	*..*		:10129	10129	-1	0	284.0	1	0.970045	0	0	685289.0	1083100.0	Massbank:KO008966 Guanosine [M+H]+	MASSBANK	temp/spectra_filtered.mgf178	-1	MASSBANK.mgf	348.91				6	0	0.0990906	284.099	0	CCMSLIB00000221200
166	spectra_filtered.mgf	*..*		:4348	4348	-1	0	364.066	1	0.969483	0	0	47894800.0	1972600.0	Guanosine monophosphate - 40.0 eV M+H	BIRMINGHAM-UHPLC-MS-POS	temp/spectra_filtered.mgf166	-1	BIRMINGHAM-UHPLC-MS-POS.mgf	0.838243				8	0	0.000305176	364.066	0	CCMSLIB00006119998
416	spectra_filtered.mgf	*..*		:1835	2198	-1	0	279.16	1	0.968759	0	0	30638.5	721900.0	Spectral Match to Dibutyl phthalate from NIST14 M+H	GNPS-NIST14-MATCHES	temp/spectra_filtered.mgf416	-1	GNPS-NIST14-MATCHES.mgf	3.27958				6	0	0.000915527	279.159	0	CCMSLIB00003136685
354	spectra_filtered.mgf	*..*		:422	49663	-1	0	302.305	1	0.967416	0	0	312.2	1147700.0	SPHINGANINE M+H	MONA	temp/spectra_filtered.mgf354	-1	MONA.mgf	1.31235				13	0	0.000396729	302.305	0	CCMSLIB00006678692
131	spectra_filtered.mgf	*..*		:11264	11264	-1	0	162.077	1	0.966069	0	0	1850.0	9026000.0	Massbank:PR100306 O-Acetyl-L-homoserine|Ac-HSer|(2S)-4-(acetyloxy)-2-aminobutanoic acid [M+H]+	MASSBANK	temp/spectra_filtered.mgf131	-1	MASSBANK.mgf	5.55457				6	0	0.000900269	162.076	0	CCMSLIB00000223132
162	spectra_filtered.mgf	*..*		:25312	43775	-1	0	308.091	1	0.965524	0	0	301.755	1483000.0	Glutathione [M+H]+	MONA	temp/spectra_filtered.mgf162	-1	MONA.mgf	3270.46				15	0	1.0076	307.083	0	CCMSLIB00004716375
95	spectra_filtered.mgf	*..*		:6345	6343	-1	0	277.14	1	0.964702	0	0	1745.0	1548700.0	ReSpect:PT105020 L-saccharopine|epsilon-N-(L-glutar-2-yl)-L-lysine|N6-(L-1,3-dicarboxylpropyl)-L-lysine|(2S)-2-[[(5S)-5-amino-6-hydroxy-6-oxohexyl]amino]pentanedioic acid [M+H]	RESPECT	temp/spectra_filtered.mgf95	-1	RESPECT.mgf	510.278				8	0	0.141418	276.999	0	CCMSLIB00000221255
369	spectra_filtered.mgf	*..*		:15475	13473	-1	0	311.185	1	0.964642	0	0	268.389	780000.0	pranolium [M+Na]+	CMMC-REFRAME-POSITIVE-LIBRARY	temp/spectra_filtered.mgf369	-1	CMMC-REFRAME-POSITIVE-LIBRARY.mgf	0.980689				13	0	0.000305176	311.185	0	CCMSLIB00012267786
397	spectra_filtered.mgf	*..*		:2996	860	-1	0	496.329	1	0.96397	0	0	5179180.0	1025700.0	Spectral Match to Lyso-PC(16:0) from NIST14 M+H	GNPS-NIST14-MATCHES	temp/spectra_filtered.mgf397	-1	GNPS-NIST14-MATCHES.mgf	21.9507				8	0	0.0108948	496.34	0	CCMSLIB00003135346
134	spectra_filtered.mgf	*..*		:2356	99	-1	0	664.12	1	0.963961	0	0	7662730.0	1936100.0	NAD M+H	GNPS-EMBL-MCF	temp/spectra_filtered.mgf134	-1	GNPS-EMBL-MCF.mgf	4.68709				14	0	0.00311279	664.117	0	CCMSLIB00000577881
395	spectra_filtered.mgf	*..*		:3975	5202	-1	0	454.293	1	0.963554	0	0	5025040.0	484000.0	Spectral Match to 1-Palmitoyl-2-hydroxy-sn-glycero-3-phosphoethanolamine from NIST14 M+H	GNPS-NIST14-MATCHES	temp/spectra_filtered.mgf395	-1	GNPS-NIST14-MATCHES.mgf	0.0				14	0	0.0	454.293	0	CCMSLIB00003139689
204	spectra_filtered.mgf	*..*		:3455	54579	-1	0	175.119	1	0.96278	0	0	226.4	546000.0	ARGININE M+H	MONA	temp/spectra_filtered.mgf204	-1	MONA.mgf	5692.71				11	0	0.996902	176.116	0	CCMSLIB00006683608
290	spectra_filtered.mgf	*..*		:1771	4670	-1	0	356.186	1	0.961224	0	0	817030000.0	1131500.0	Glaucine M+H	GNPS-LIBRARY	temp/spectra_filtered.mgf290	-1	GNPS-LIBRARY.mgf	0.856788				8	0	0.000305176	356.186	0	CCMSLIB00005436123
190	spectra_filtered.mgf	*..*		:134	3783	-1	0	175.119	1	0.961104	0	0	19825300.0	3952000.0	Spectral Match to L-Arginine from NIST14 M+H	GNPS-NIST14-MATCHES	temp/spectra_filtered.mgf190	-1	GNPS-NIST14-MATCHES.mgf	1326.53				7	0	0.2323	174.887	0	CCMSLIB00003138270
219	spectra_filtered.mgf	*..*		:134	3783	-1	0	175.119	1	0.961079	0	0	19825300.0	3117000.0	Spectral Match to L-Arginine from NIST14 M+H	GNPS-NIST14-MATCHES	temp/spectra_filtered.mgf219	-1	GNPS-NIST14-MATCHES.mgf	1272.33				7	0	0.222809	174.896	0	CCMSLIB00003138270
180	spectra_filtered.mgf	*..*		:134	3783	-1	0	175.119	1	0.960877	0	0	19825300.0	2895000.0	Spectral Match to L-Arginine from NIST14 M+H	GNPS-NIST14-MATCHES	temp/spectra_filtered.mgf180	-1	GNPS-NIST14-MATCHES.mgf	1272.85				7	0	0.2229	174.896	0	CCMSLIB00003138270
149	spectra_filtered.mgf	*..*		:134	3783	-1	0	175.119	1	0.960848	0	0	19825300.0	4879000.0	Spectral Match to L-Arginine from NIST14 M+H	GNPS-NIST14-MATCHES	temp/spectra_filtered.mgf149	-1	GNPS-NIST14-MATCHES.mgf	1272.85				7	0	0.2229	174.896	0	CCMSLIB00003138270
202	spectra_filtered.mgf	*..*		:3455	54579	-1	0	175.119	1	0.960598	0	0	226.4	389200.0	ARGININE M+H	MONA	temp/spectra_filtered.mgf202	-1	MONA.mgf	5730.36				10	0	1.00349	176.122	0	CCMSLIB00006683608
101	spectra_filtered.mgf	*..*		:6345	6343	-1	0	277.14	1	0.960201	0	0	1745.0	1642400.0	ReSpect:PT105020 L-saccharopine|epsilon-N-(L-glutar-2-yl)-L-lysine|N6-(L-1,3-dicarboxylpropyl)-L-lysine|(2S)-2-[[(5S)-5-amino-6-hydroxy-6-oxohexyl]amino]pentanedioic acid [M+H]	RESPECT	temp/spectra_filtered.mgf101	-1	RESPECT.mgf	1.87197				7	0	0.000518799	277.139	0	CCMSLIB00000221255
212	spectra_filtered.mgf	*..*		:18596	18596	-1	0	174.124	1	0.959683	0	0	261.114	3884000.0	L-NIO [M+H]+	MSNLIB-POSITIVE	temp/spectra_filtered.mgf212	-1	MSNLIB-POSITIVE.mgf	4434.78				7	0	0.772202	174.896	0	CCMSLIB00012302780
133	spectra_filtered.mgf	*..*		:203	469	-1	0	193.068	1	0.959185	0	0	1752800.0	1025800.0	Spectral Match to S-(5'-Adenosyl)-L-homocysteine from NIST14 M+2H	GNPS-NIST14-MATCHES	temp/spectra_filtered.mgf133	-1	GNPS-NIST14-MATCHES.mgf	1.10647				11	0	0.000213623	193.068	0	CCMSLIB00003134955
199	spectra_filtered.mgf	*..*		:36	836	-1	0	399.145	1	0.958949	0	0	494951.0	534000.0	S-ADENOSYLMETHIONINE M+H	GNPS-MSMLS	temp/spectra_filtered.mgf199	-1	GNPS-MSMLS.mgf	0.0				11	0	0.0	399.145	0	CCMSLIB00005464587
114	spectra_filtered.mgf	*..*		:171	2	-1	0	217.13	1	0.958869	0	0	418349.0	667900.0	Spectral Match to N-.alpha.-Acetyl-L-arginine from NIST14 M+H	GNPS-NIST14-MATCHES	temp/spectra_filtered.mgf114	-1	GNPS-NIST14-MATCHES.mgf	1.89742				10	0	0.000411987	217.13	0	CCMSLIB00003134488
185	spectra_filtered.mgf	*..*		:36	836	-1	0	399.145	1	0.958796	0	0	494951.0	437900.0	S-ADENOSYLMETHIONINE M+H	GNPS-MSMLS	temp/spectra_filtered.mgf185	-1	GNPS-MSMLS.mgf	0.0				11	0	0.0	399.145	0	CCMSLIB00005464587
360	spectra_filtered.mgf	*..*		:15313	13320	-1	0	286.31	1	0.957554	0	0	135.783	231200.0	Spisulosine [M+H]+	CMMC-REFRAME-POSITIVE-LIBRARY	temp/spectra_filtered.mgf360	-1	CMMC-REFRAME-POSITIVE-LIBRARY.mgf	1.38566				7	0	0.000396729	286.31	0	CCMSLIB00012267633
453	spectra_filtered.mgf	*..*		:2524	4308	-1	0	758.569	1	0.956554	0	0	8794860.0	995500.0	Spectral Match to 1-Hexadecanoyl-2-octadecadienoyl-sn-glycero-3-phosphocholine from NIST14 M+H	GNPS-NIST14-MATCHES	temp/spectra_filtered.mgf453	-1	GNPS-NIST14-MATCHES.mgf	0.402305				6	0	0.000305176	758.569	0	CCMSLIB00003138795
40	spectra_filtered.mgf	*..*		:703	1149	-1	0	197.101	1	0.955929	0	0	955303.0	315900.0	L-arginine CollisionEnergy:102040 M+Na	BERKELEY-LAB	temp/spectra_filtered.mgf40	-1	BERKELEY-LAB.mgf	0.0				7	0	0.0	197.101	0	CCMSLIB00010103137
161	spectra_filtered.mgf	*..*		:1066	52190	-1	0	175.119	1	0.955852	0	0	251.2	4930000.0	ARGININE M+H	MONA	temp/spectra_filtered.mgf161	-1	MONA.mgf	62.3007				6	0	0.01091	175.108	0	CCMSLIB00006681219
87	spectra_filtered.mgf	*..*		:4754	4754	-1	0	147.113	1	0.955169	0	0	15630900.0	8033000.0	L-(+)-Lysine - 40.0 eV M+H	BIRMINGHAM-UHPLC-MS-POS	temp/spectra_filtered.mgf87	-1	BIRMINGHAM-UHPLC-MS-POS.mgf	62.4404				6	0	0.00918579	147.122	0	CCMSLIB00006120703
265	spectra_filtered.mgf	*..*		:1411	128	-1	0	283.175	1	0.954817	0	0	25620800.0	396000.0	Spectral Match to Hexaethylene glycol from NIST14 M+H	GNPS-NIST14-MATCHES	temp/spectra_filtered.mgf265	-1	GNPS-NIST14-MATCHES.mgf	0.431077				7	0	0.00012207	283.175	0	CCMSLIB00003134614
198	spectra_filtered.mgf	*..*		:2896	412	-1	0	283.068	1	0.953095	0	0	2910020.0	351800.0	XANTHOSINE M-H	GNPS-EMBL-MCF	temp/spectra_filtered.mgf198	-1	GNPS-EMBL-MCF.mgf	3642.26				6	0	1.03101	284.099	0	CCMSLIB00000578196
414	spectra_filtered.mgf	*..*		:2230	1171	-1	0	259.19	1	0.951138	0	0	1043450.0	597600.0	Spectral Match to Dibutyl adipate from NIST14 M+H	GNPS-NIST14-MATCHES	temp/spectra_filtered.mgf414	-1	GNPS-NIST14-MATCHES.mgf	1.88387				9	0	0.000488281	259.19	0	CCMSLIB00003135657
142	spectra_filtered.mgf	*..*		:561	4350	-1	0	332.561	1	0.950216	0	0	357476.0	1884300.0	Spectral Match to .beta.-Nicotinamide adenine dinucleotide from NIST14 M+2H	GNPS-NIST14-MATCHES	temp/spectra_filtered.mgf142	-1	GNPS-NIST14-MATCHES.mgf	2.6612				9	0	0.00088501	332.562	0	CCMSLIB00003138837
476	spectra_filtered.mgf	*..*		:1858	3903	-1	0	760.586	1	0.94933	0	0	15161200.0	1504800.0	Spectral Match to 1-Hexadecanoyl-2-(9Z-octadecenoyl)-sn-glycero-3-phosphocholine from NIST14 M+H	GNPS-NIST14-MATCHES	temp/spectra_filtered.mgf476	-1	GNPS-NIST14-MATCHES.mgf	2.08644				7	0	0.00158691	760.584	0	CCMSLIB00003138390
99	spectra_filtered.mgf	*..*		:1925	10220	-1	0	148.06	1	0.948166	0	0	1382900.0	6418000.0	Glutamate - 70.00 eV M+H	GNPS-LIBRARY	temp/spectra_filtered.mgf99	-1	GNPS-LIBRARY.mgf	6641.17				6	0	0.983292	147.077	0	CCMSLIB00005885078
433	spectra_filtered.mgf	*..*		:1742	5663	-1	0	758.567	1	0.947142	0	0	1093110.0	802400.0	Spectral Match to 1-Hexadecanoyl-2-octadecadienoyl-sn-glycero-3-phosphocholine from NIST14 M+H	GNPS-NIST14-MATCHES	temp/spectra_filtered.mgf433	-1	GNPS-NIST14-MATCHES.mgf	3.13798				6	0	0.00238037	758.569	0	CCMSLIB00003140150
319	spectra_filtered.mgf	*..*		:326	1865	-1	0	246.17	1	0.944217	0	0	220.356	144500.0	Threonine_C8:0 [M+H]+	CMMC-LIBRARY	temp/spectra_filtered.mgf319	-1	CMMC-LIBRARY.mgf	0.0				6	0	0.0	246.17	0	CCMSLIB00012474019
75	spectra_filtered.mgf	*..*		:3455	54579	-1	0	175.119	1	0.942935	0	0	226.4	2799000.0	ARGININE M+H	MONA	temp/spectra_filtered.mgf75	-1	MONA.mgf	5729.22				10	0	1.0033	176.122	0	CCMSLIB00006683608
138	spectra_filtered.mgf	*..*		:4911	56035	-1	0	385.129	1	0.942206	0	0	305.1	497300.0	S-(5'-ADENOSYL)-L-HOMOCYSTEINE M+H	MONA	temp/spectra_filtered.mgf138	-1	MONA.mgf	2329.89				8	0	0.897308	386.026	0	CCMSLIB00006685064
457	spectra_filtered.mgf	*..*		:2431	1237	-1	0	647.515	1	0.940902	0	0	2120820.0	1104200.0	Spectral Match to N-Lauroyl-D-erythro-sphingosylphosphorylcholine from NIST14 M+H	GNPS-NIST14-MATCHES	temp/spectra_filtered.mgf457	-1	GNPS-NIST14-MATCHES.mgf	1459.44				6	0	0.945007	648.46	0	CCMSLIB00003135723
334	spectra_filtered.mgf	*..*		:38	1294	-1	0	244.191	1	0.940858	0	0	205.029	162000.0	glycine_undecanoyl chloride [M+H]+	CMMC-LIBRARY	temp/spectra_filtered.mgf334	-1	CMMC-LIBRARY.mgf	0.812332				11	0	0.000198364	244.191	0	CCMSLIB00012472308
143	spectra_filtered.mgf	*..*		:778	1224	-1	0	133.06	1	0.940635	0	0	11219200.0	693200.0	thiamine CollisionEnergy:102040 M+H]	BERKELEY-LAB	temp/spectra_filtered.mgf143	-1	BERKELEY-LAB.mgf	1.49079				6	0	0.000198364	133.06	0	CCMSLIB00010103212
517	spectra_filtered.mgf	*..*		:7638	6656	-1	0	176.107	1	0.9399	0	0	253.896	226800.0	113777-33-6 [M-2H2O+2H]+2	CMMC-REFRAME-POSITIVE-LIBRARY	temp/spectra_filtered.mgf517	-1	CMMC-REFRAME-POSITIVE-LIBRARY.mgf	7.36482				6	0	0.001297	176.106	0	CCMSLIB00012255371
409	spectra_filtered.mgf	*..*		:2329	2866	-1	0	267.172	1	0.938811	0	0	5075310.0	527800.0	Spectral Match to Tributyl phosphate from NIST14 M+H	GNPS-NIST14-MATCHES	temp/spectra_filtered.mgf409	-1	GNPS-NIST14-MATCHES.mgf	0.0				6	0	0.0	267.172	0	CCMSLIB00003137353
32	spectra_filtered.mgf	*..*		:4753	4753	-1	0	147.113	1	0.938213	0	0	9624580.0	3467000.0	L-(+)-Lysine - 40.0 eV M+H	BIRMINGHAM-UHPLC-MS-POS	temp/spectra_filtered.mgf32	-1	BIRMINGHAM-UHPLC-MS-POS.mgf	66.693				6	0	0.0098114	147.103	0	CCMSLIB00006120701
277	spectra_filtered.mgf	*..*		:1086	9381	-1	0	265.112	1	0.93815	0	0	5526150.0	295100.0	THIAMINE - 20.0 eV M+	GNPS-LIBRARY	temp/spectra_filtered.mgf277	-1	GNPS-LIBRARY.mgf	7413.9				7	0	1.96552	267.078	0	CCMSLIB00005884239
389	spectra_filtered.mgf	*..*		:3381	10733	-1	0	494.324	1	0.938055	0	0	78175000.0	900300.0	Lyso PC (16:1) M+H	GNPS-LIBRARY	temp/spectra_filtered.mgf389	-1	GNPS-LIBRARY.mgf	0.61736				7	0	0.000305176	494.324	0	CCMSLIB00006678147
320	spectra_filtered.mgf	*..*		:11010	9530	-1	0	246.243	1	0.938048	0	0	28.342	220000.0	Tetradecanoic acid [M+NH4]+	CMMC-REFRAME-POSITIVE-LIBRARY	temp/spectra_filtered.mgf320	-1	CMMC-REFRAME-POSITIVE-LIBRARY.mgf	0.805563				6	0	0.000198364	246.243	0	CCMSLIB00012262287
525	spectra_filtered.mgf	*..*		:10109	8755	-1	0	161.084	1	0.936578	0	0	234.545	113100.0	M50367 [M-H2O+2H]+2	CMMC-REFRAME-POSITIVE-LIBRARY	temp/spectra_filtered.mgf525	-1	CMMC-REFRAME-POSITIVE-LIBRARY.mgf	10.5145				6	0	0.00169373	161.082	0	CCMSLIB00012260627
383	spectra_filtered.mgf	*..*		:1	84	-1	0	266.114	1	0.93642	0	0	9591290.0	907200.0	Thiamine M+H	GNPS-EMBL-MCF	temp/spectra_filtered.mgf383	-1	GNPS-EMBL-MCF.mgf	3511.0				6	0	0.934326	265.18	0	CCMSLIB00000479740
221	spectra_filtered.mgf	*..*		:1446	9741	-1	0	349.054	1	0.936376	0	0	222888.0	460300.0	INOSINE 5'-MONOPHOSPHATE - 20.0 eV M+H	GNPS-LIBRARY	temp/spectra_filtered.mgf221	-1	GNPS-LIBRARY.mgf	2817.59				6	0	0.98349	348.07	0	CCMSLIB00005884599
288	spectra_filtered.mgf	*..*		:1254	14029	-1	0	304.154	1	0.935859	0	0	254880.0	326500.0	methyl (1R,2R,3S,5S)-3-benzoyloxy-8-methyl-8-azabicyclo[3.2.1]octane-2-carboxylate M+H	GNPS-LIBRARY	temp/spectra_filtered.mgf288	-1	GNPS-LIBRARY.mgf	1.30437				9	0	0.000396729	304.154	0	CCMSLIB00012079743
518	spectra_filtered.mgf	*..*		:3165	2757	-1	0	153.115	1	0.934743	0	0	246.221	200200.0	SCHEMBL7091005 [M+2H]+2	CMMC-REFRAME-POSITIVE-LIBRARY	temp/spectra_filtered.mgf518	-1	CMMC-REFRAME-POSITIVE-LIBRARY.mgf	9.86592				8	0	0.00151062	153.113	0	CCMSLIB00012249714
91	spectra_filtered.mgf	*..*		:1744	10039	-1	0	168.066	1	0.934401	0	0	6472420.0	306300.0	PYRIDOXAL - 30.0 eV M+H	GNPS-LIBRARY	temp/spectra_filtered.mgf91	-1	GNPS-LIBRARY.mgf	5905.47				6	0	0.992508	169.059	0	CCMSLIB00005884897
327	spectra_filtered.mgf	*..*		:1	323	-1	0	277.128	1	0.934236	0	0	127402000.0	291600.0	0055_Triethylcitrate M+H	CASMI	temp/spectra_filtered.mgf327	-1	CASMI.mgf	0.770846				7	0	0.000213623	277.128	0	CCMSLIB00000579680
352	spectra_filtered.mgf	*..*		:1123	2169	-1	0	249.206	1	0.933467	0	0	1974.06	168600.0	Spectral Match to Tri(propylene glycol) butyl ether from NIST14 M+H	GNPS-NIST14-MATCHES	temp/spectra_filtered.mgf352	-1	GNPS-NIST14-MATCHES.mgf	0.428607				6	0	0.000106812	249.206	0	CCMSLIB00003136656
139	spectra_filtered.mgf	*..*		:483	366	-1	0	269.16	1	0.931764	0	0	1659290.0	692500.0	Spectral Match to His-Ile from NIST14 M+H	GNPS-NIST14-MATCHES	temp/spectra_filtered.mgf139	-1	GNPS-NIST14-MATCHES.mgf	3.28804				9	0	0.00088501	269.161	0	CCMSLIB00003134852
239	spectra_filtered.mgf	*..*		:2657	5406	-1	0	384.12	1	0.931231	0	0	365.252	635200.0	Succinoadenosine M+H	GNPS-LIBRARY	temp/spectra_filtered.mgf239	-1	GNPS-LIBRARY.mgf	12.7117				8	0	0.00488281	384.115	0	CCMSLIB00005467722
297	spectra_filtered.mgf	*..*		:17424	15169	-1	0	217.106	1	0.931083	0	0	388.674	160100.0	Rivenprost [M-H2O+2H]+2	CMMC-REFRAME-POSITIVE-LIBRARY	temp/spectra_filtered.mgf297	-1	CMMC-REFRAME-POSITIVE-LIBRARY.mgf	5.48205				8	0	0.00119019	217.107	0	CCMSLIB00012269482
411	spectra_filtered.mgf	*..*		:2749	3352	-1	0	524.37	1	0.928853	0	0	1240120.0	362200.0	Spectral Match to 1-Stearoyl-2-hydroxy-sn-glycero-3-phosphocholine from NIST14 M+H	GNPS-NIST14-MATCHES	temp/spectra_filtered.mgf411	-1	GNPS-NIST14-MATCHES.mgf	2.67713				6	0	0.00140381	524.371	0	CCMSLIB00003137839
165	spectra_filtered.mgf	*..*		:179	5746	-1	0	251.07	1	0.92743	0	0	449236.0	909600.0	Spectral Match to .gamma.-Glu-Cys from NIST14 M+H	GNPS-NIST14-MATCHES	temp/spectra_filtered.mgf165	-1	GNPS-NIST14-MATCHES.mgf	0.0				7	0	0.0	251.07	0	CCMSLIB00003140233
118	spectra_filtered.mgf	*..*		:271	4955	-1	0	144.048	1	0.924557	0	0	1534230.0	370800.0	Spectral Match to 5-(2-Hydroxyethyl)-4-methylthiazole from NIST14 M+H	GNPS-NIST14-MATCHES	temp/spectra_filtered.mgf118	-1	GNPS-NIST14-MATCHES.mgf	0.741499				6	0	0.000106812	144.048	0	CCMSLIB00003139442
512	spectra_filtered.mgf	*..*		:3165	2757	-1	0	153.115	1	0.923414	0	0	246.221	208900.0	SCHEMBL7091005 [M+2H]+2	CMMC-REFRAME-POSITIVE-LIBRARY	temp/spectra_filtered.mgf512	-1	CMMC-REFRAME-POSITIVE-LIBRARY.mgf	9.86592				8	0	0.00151062	153.113	0	CCMSLIB00012249714
460	spectra_filtered.mgf	*..*		:2524	4308	-1	0	758.569	1	0.92274	0	0	8794860.0	1082200.0	Spectral Match to 1-Hexadecanoyl-2-octadecadienoyl-sn-glycero-3-phosphocholine from NIST14 M+H	GNPS-NIST14-MATCHES	temp/spectra_filtered.mgf460	-1	GNPS-NIST14-MATCHES.mgf	0.804609				6	0	0.000610352	758.57	0	CCMSLIB00003138795
374	spectra_filtered.mgf	*..*		:2231	5336	-1	0	468.308	1	0.922035	0	0	5397210.0	330000.0	Spectral Match to 1-Myristoyl-sn-glycero-3-phosphocholine from NIST14 M+H	GNPS-NIST14-MATCHES	temp/spectra_filtered.mgf374	-1	GNPS-NIST14-MATCHES.mgf	1.43364				6	0	0.000671387	468.309	0	CCMSLIB00003139823
135	spectra_filtered.mgf	*..*		:6045	6045	-1	0	189.123	1	0.9205	0	0	17588400.0	14720000.0	AC-LYS-OH - 30.0 eV M+H	BIRMINGHAM-UHPLC-MS-POS	temp/spectra_filtered.mgf135	-1	BIRMINGHAM-UHPLC-MS-POS.mgf	2.09773				6	0	0.000396729	189.123	0	CCMSLIB00006122885
490	spectra_filtered.mgf	*..*		:10226	8854	-1	0	153.115	1	0.917674	0	0	136.143	196000.0	SCHEMBL4986215 (Chimeric precursor selection) [M-H2O+2H]+2	CMMC-REFRAME-POSITIVE-LIBRARY	temp/spectra_filtered.mgf490	-1	CMMC-REFRAME-POSITIVE-LIBRARY.mgf	9.86592				6	0	0.00151062	153.113	0	CCMSLIB00012260850
160	spectra_filtered.mgf	*..*		:1104	1323	-1	0	147.072	1	0.913685	0	0	5706.81	372000.0	Spectral Match to L-Glutamine from NIST14 M+H	GNPS-NIST14-MATCHES	temp/spectra_filtered.mgf160	-1	GNPS-NIST14-MATCHES.mgf	6602.89				6	0	0.9711	148.043	0	CCMSLIB00003135809
375	spectra_filtered.mgf	*..*		:17548	36011	-1	0	289.141	1	0.9133	0	0	254.541	272000.0	STROBILACTONE A [M+Na]+	MONA	temp/spectra_filtered.mgf375	-1	MONA.mgf	3070.11				7	0	0.887695	288.253	0	CCMSLIB00004708611
181	spectra_filtered.mgf	*..*		:2454	2454	-1	0	153.041	1	0.910488	0	0	2181380.0	253300.0	Xanthine - 30.0 eV M+H	BIRMINGHAM-UHPLC-MS-POS	temp/spectra_filtered.mgf181	-1	BIRMINGHAM-UHPLC-MS-POS.mgf	1.29615				6	0	0.000198364	153.041	0	CCMSLIB00006116777
396	spectra_filtered.mgf	*..*		:2474	5352	-1	0	518.321	1	0.907666	0	0	913589.0	254000.0	Spectral Match to 1-Hexadecanoyl-sn-glycero-3-phosphocholine from NIST14 M+Na	GNPS-NIST14-MATCHES	temp/spectra_filtered.mgf396	-1	GNPS-NIST14-MATCHES.mgf	1.76633				6	0	0.000915527	518.322	0	CCMSLIB00003139839
526	spectra_filtered.mgf	*..*		:10109	8755	-1	0	161.084	1	0.905098	0	0	234.545	246700.0	M50367 [M-H2O+2H]+2	CMMC-REFRAME-POSITIVE-LIBRARY	temp/spectra_filtered.mgf526	-1	CMMC-REFRAME-POSITIVE-LIBRARY.mgf	10.5145				6	0	0.00169373	161.082	0	CCMSLIB00012260627
371	spectra_filtered.mgf	*..*		:2098	2145	-1	0	468.309	1	0.902655	0	0	2139940.0	479300.0	Spectral Match to 1-Myristoyl-sn-glycero-3-phosphocholine from NIST14 M+H	GNPS-NIST14-MATCHES	temp/spectra_filtered.mgf371	-1	GNPS-NIST14-MATCHES.mgf	0.651655				7	0	0.000305176	468.309	0	CCMSLIB00003136632
380	spectra_filtered.mgf	*..*		:28427	28427	-1	0	494.325	1	0.902297	0	0	104410.0	3841500.0	PC(16:1/0:0); [M+H]+ C24H49N1O7P1 M+H	PNNL-LIPIDS-POSITIVE	temp/spectra_filtered.mgf380	-1	PNNL-LIPIDS-POSITIVE.mgf	1.04951				10	0	0.000518799	494.324	0	CCMSLIB00010099831
438	spectra_filtered.mgf	*..*		:4684	5620	-1	0	283.26	1	0.901208	0	0	2285130.0	162800.0	Spectral Match to 3-Hydroxyoctadecanoic Acid from NIST14 M+H-H2O	GNPS-NIST14-MATCHES	temp/spectra_filtered.mgf438	-1	GNPS-NIST14-MATCHES.mgf	3462.88				11	0	0.980896	282.279	0	CCMSLIB00003140107
515	spectra_filtered.mgf	*..*		:1382	4497	-1	0	702.215	1	0.900995	0	0	49944500.0	360000.0	Contaminant vial septum ThermoFisher C5000-44B M+NH4	GNPS-LIBRARY	temp/spectra_filtered.mgf515	-1	GNPS-LIBRARY.mgf	1.99912				15	0	0.00140381	702.214	0	CCMSLIB00005435822
188	spectra_filtered.mgf	*..*		:5111	422	-1	0	146.165	1	0.900338	0	0	662419.0	65000.0	Spermidine CollisionEnergy:102040 M+H	BERKELEY-LAB	temp/spectra_filtered.mgf188	-1	BERKELEY-LAB.mgf	2.81865				6	0	0.000411987	146.165	0	CCMSLIB00010102409
510	spectra_filtered.mgf	*..*		:3165	2757	-1	0	153.115	1	0.896009	0	0	246.221	219300.0	SCHEMBL7091005 [M+2H]+2	CMMC-REFRAME-POSITIVE-LIBRARY	temp/spectra_filtered.mgf510	-1	CMMC-REFRAME-POSITIVE-LIBRARY.mgf	9.86592				7	0	0.00151062	153.113	0	CCMSLIB00012249714
420	spectra_filtered.mgf	*..*		:406	130	-1	0	371.1	1	0.895615	0	0	2493310.0	213800.0	CAMPTOTHECIN M+Na	LEAFBOT	temp/spectra_filtered.mgf420	-1	LEAFBOT.mgf	3.78283				6	0	0.00140381	371.101	0	CCMSLIB00011427902
514	spectra_filtered.mgf	*..*		:3165	2757	-1	0	153.115	1	0.892261	0	0	246.221	285200.0	SCHEMBL7091005 [M+2H]+2	CMMC-REFRAME-POSITIVE-LIBRARY	temp/spectra_filtered.mgf514	-1	CMMC-REFRAME-POSITIVE-LIBRARY.mgf	9.86592				7	0	0.00151062	153.113	0	CCMSLIB00012249714
483	spectra_filtered.mgf	*..*		:29107	29107	-1	0	701.56	1	0.88983	0	0	179880.0	1236100.0	SM(d18:2/16:0); [M+H]+ C39H78N2O6P1 M+H	PNNL-LIPIDS-POSITIVE	temp/spectra_filtered.mgf483	-1	PNNL-LIPIDS-POSITIVE.mgf	1349.44				7	0	0.946716	702.507	0	CCMSLIB00010100511
474	spectra_filtered.mgf	*..*		:26473	26473	-1	0	675.544	1	0.889657	0	0	111955.0	4246700.0	SM(d18:1/14:0); [M+H]+ C37H76N2O6P1 M+H	PNNL-LIPIDS-POSITIVE	temp/spectra_filtered.mgf474	-1	PNNL-LIPIDS-POSITIVE.mgf	1402.41				8	0	0.947388	676.491	0	CCMSLIB00010097877
275	spectra_filtered.mgf	*..*		:8013	8459	-1	0	227.085	1	0.888557	0	0	1742830.0	139700.0	Biotin CollisionEnergy:102040 M+H-H2O	BERKELEY-LAB	temp/spectra_filtered.mgf275	-1	BERKELEY-LAB.mgf	0.940718				10	0	0.000213623	227.085	0	CCMSLIB00010110447
392	spectra_filtered.mgf	*..*		:84277	84277	-1	0	496.34	1	0.887808	0	0	231.262	616800.0	1-Palmitoylglycerophosphocholine [M]+	MSNLIB-POSITIVE	temp/spectra_filtered.mgf392	-1	MSNLIB-POSITIVE.mgf	0.184456				7	0	9.15527e-05	496.34	0	CCMSLIB00012435529
122	spectra_filtered.mgf	*..*		:279	49520	-1	0	181.071	1	0.887762	0	0	228.3	90100.0	MANNOSE M+H	MONA	temp/spectra_filtered.mgf122	-1	MONA.mgf	5435.98				6	0	0.984299	180.087	0	CCMSLIB00006678549
304	spectra_filtered.mgf	*..*		:14714	15160	-1	0	243.088	1	0.88645	0	0	259140000.0	127600.0	lumichrome CollisionEnergy:205060 M+H	BERKELEY-LAB	temp/spectra_filtered.mgf304	-1	BERKELEY-LAB.mgf	1.19264				6	0	0.000289917	243.088	0	CCMSLIB00010117148
373	spectra_filtered.mgf	*..*		:2695	3669	-1	0	426.253	1	0.881533	0	0	3417090.0	173200.0	Spectral Match to 1-Myristoyl-2-hydroxy-sn-glycero-3-phosphoethanolamine from NIST14 M+H	GNPS-NIST14-MATCHES	temp/spectra_filtered.mgf373	-1	GNPS-NIST14-MATCHES.mgf	19.975				10	0	0.0085144	426.262	0	CCMSLIB00003138156
503	spectra_filtered.mgf	*..*		:28863	28863	-1	0	703.575	1	0.880048	0	0	2197200.0	3336900.0	SM(d18:1/16:0); [M+H]+ C39H80N2O6P1 M+H	PNNL-LIPIDS-POSITIVE	temp/spectra_filtered.mgf503	-1	PNNL-LIPIDS-POSITIVE.mgf	1346.71				7	0	0.94751	704.523	0	CCMSLIB00010100267
356	spectra_filtered.mgf	*..*		:3227	4344	-1	0	300.29	1	0.872283	0	0	853136.0	288500.0	Spectral Match to Phytosphingosine from NIST14 M+H-H2O	GNPS-NIST14-MATCHES	temp/spectra_filtered.mgf356	-1	GNPS-NIST14-MATCHES.mgf	1.01627				10	0	0.000305176	300.29	0	CCMSLIB00003138831
309	spectra_filtered.mgf	*..*		:8563	283	-1	0	185.081	1	0.869188	0	0	9596610.0	107800.0	Asperlactone M+H	TUEBINGEN-NATURAL-PRODUCT-COLLECTION	temp/spectra_filtered.mgf309	-1	TUEBINGEN-NATURAL-PRODUCT-COLLECTION.mgf	183.19				7	0	0.033905	185.115	0	CCMSLIB00011906249
496	spectra_filtered.mgf	*..*		:10226	8854	-1	0	153.115	1	0.86775	0	0	136.143	266000.0	SCHEMBL4986215 (Chimeric precursor selection) [M-H2O+2H]+2	CMMC-REFRAME-POSITIVE-LIBRARY	temp/spectra_filtered.mgf496	-1	CMMC-REFRAME-POSITIVE-LIBRARY.mgf	9.86592				6	0	0.00151062	153.113	0	CCMSLIB00012260850
361	spectra_filtered.mgf	*..*		:1461	1526	-1	0	465.345	1	0.865218	0	0	1092550.0	437900.0	Spectral Match to Lyso-Sphingomyelin from NIST14 M+H	GNPS-NIST14-MATCHES	temp/spectra_filtered.mgf361	-1	GNPS-NIST14-MATCHES.mgf	2037.39				6	0	0.94809	466.293	0	CCMSLIB00003136013
119	spectra_filtered.mgf	*..*		:4281	55405	-1	0	335.064	1	0.86465	0	0	208.8	1484800.0	NICOTINAMIDE MONONUCLEOTIDE M+H	MONA	temp/spectra_filtered.mgf119	-1	MONA.mgf	0.910798				6	0	0.000305176	335.064	0	CCMSLIB00006684434
345	spectra_filtered.mgf	*..*		:19126	16627	-1	0	302.305	1	0.85669	0	0	26.309	67500.0	SAFINGOL [M+H]+	CMMC-REFRAME-POSITIVE-LIBRARY	temp/spectra_filtered.mgf345	-1	CMMC-REFRAME-POSITIVE-LIBRARY.mgf	1.31235				6	0	0.000396729	302.305	0	CCMSLIB00012270940
400	spectra_filtered.mgf	*..*		:17355	17355	-1	0	480.309	1	0.856196	0	0	118493.0	1083900.0	PE(18:1/0:0); [M+H]+ C23H47N1O7P1 M+H	PNNL-LIPIDS-POSITIVE	temp/spectra_filtered.mgf400	-1	PNNL-LIPIDS-POSITIVE.mgf	0.635374				10	0	0.000305176	480.309	0	CCMSLIB00010088759
492	spectra_filtered.mgf	*..*		:3165	2757	-1	0	153.115	1	0.855931	0	0	246.221	188100.0	SCHEMBL7091005 [M+2H]+2	CMMC-REFRAME-POSITIVE-LIBRARY	temp/spectra_filtered.mgf492	-1	CMMC-REFRAME-POSITIVE-LIBRARY.mgf	9.86592				6	0	0.00151062	153.113	0	CCMSLIB00012249714
171	spectra_filtered.mgf	*..*		:4280	4280	-1	0	147.076	1	0.852537	0	0	139508000.0	560000.0	L-(+)-glutamine - 40.0 eV M+H	BIRMINGHAM-UHPLC-MS-POS	temp/spectra_filtered.mgf171	-1	BIRMINGHAM-UHPLC-MS-POS.mgf	6941.24				6	0	1.02089	148.097	0	CCMSLIB00006119900
132	spectra_filtered.mgf	*..*		:1511	1509	-1	0	247.2	1	0.85104	0	0	266.0	1198600.0	ReSpect:PM017302 gamma-L-Glutamyl-L-valine M+H	RESPECT	temp/spectra_filtered.mgf132	-1	RESPECT.mgf	7719.27				7	0	1.9082	249.108	0	CCMSLIB00000211719
26	spectra_filtered.mgf	*..*		:1775	52899	-1	0	130.086	1	0.849438	0	0	162.9	12544000.0	PIPECOLIC ACID M+H	MONA	temp/spectra_filtered.mgf26	-1	MONA.mgf	3.87082				6	0	0.00050354	130.087	0	CCMSLIB00006681928
447	spectra_filtered.mgf	*..*		:3565	3107	-1	0	445.118	1	0.848381	0	0	291.466	207200.0	Lorlatinib [M+K]+	CMMC-REFRAME-POSITIVE-LIBRARY	temp/spectra_filtered.mgf447	-1	CMMC-REFRAME-POSITIVE-LIBRARY.mgf	4.93637				8	0	0.00219727	445.12	0	CCMSLIB00012250064
406	spectra_filtered.mgf	*..*		:3676	4107	-1	0	522.353	1	0.842282	0	0	529455.0	303700.0	Spectral Match to 1-(9Z-Octadecenoyl)-sn-glycero-3-phosphocholine from NIST14 M+H	GNPS-NIST14-MATCHES	temp/spectra_filtered.mgf406	-1	GNPS-NIST14-MATCHES.mgf	5.14125				6	0	0.00268555	522.356	0	CCMSLIB00003138594
76	spectra_filtered.mgf	*..*		:840	840	-1	0	223.075	1	0.840279	0	0	247270000.0	170000.0	cystathionine - 30.0 eV M+H	BIRMINGHAM-UHPLC-MS-POS	temp/spectra_filtered.mgf76	-1	BIRMINGHAM-UHPLC-MS-POS.mgf	389.071				6	0	0.086792	222.988	0	CCMSLIB00006114102
459	spectra_filtered.mgf	*..*		:4285	365	-1	0	732.554	1	0.838999	0	0	356168.0	298900.0	Spectral Match to 1-(9Z-Octadecenoyl)-2-tetradecanoyl-sn-glycero-3-phosphocholine from NIST14 M+H	GNPS-NIST14-MATCHES	temp/spectra_filtered.mgf459	-1	GNPS-NIST14-MATCHES.mgf	0.166637				6	0	0.00012207	732.554	0	CCMSLIB00003134851
403	spectra_filtered.mgf	*..*		:3607	4039	-1	0	522.36	1	0.838138	0	0	1708930.0	1203700.0	Spectral Match to 1-(9Z-Octadecenoyl)-sn-glycero-3-phosphocholine from NIST14 M+H	GNPS-NIST14-MATCHES	temp/spectra_filtered.mgf403	-1	GNPS-NIST14-MATCHES.mgf	7.82862				8	0	0.00408936	522.356	0	CCMSLIB00003138526
485	spectra_filtered.mgf	*..*		:6683	6683	-1	0	792.554	1	0.837011	0	0	1937920.0	463700.0	PC(15:0/22:6); [M+H]+ C45H79N1O8P1 M+H	PNNL-LIPIDS-POSITIVE	temp/spectra_filtered.mgf485	-1	PNNL-LIPIDS-POSITIVE.mgf	2517.1				6	0	1.99493	790.559	0	CCMSLIB00010066745
372	spectra_filtered.mgf	*..*		:7970	26433	-1	0	359.089	1	0.827489	0	0	262.819	90300.0	Carpachromene [M+Na]+	MONA	temp/spectra_filtered.mgf372	-1	MONA.mgf	2008.14				7	0	0.7211	358.368	0	CCMSLIB00004699033
480	spectra_filtered.mgf	*..*		:7800	6789	-1	0	554.171	1	0.824959	0	0	475.607	194500.0	Presatovir [M+Na]+	CMMC-REFRAME-POSITIVE-LIBRARY	temp/spectra_filtered.mgf480	-1	CMMC-REFRAME-POSITIVE-LIBRARY.mgf	9.47185				10	0	0.00524902	554.176	0	CCMSLIB00012255754
330	spectra_filtered.mgf	*..*		:6407	6405	-1	0	412.246	1	0.824681	0	0	3066.0	581000.0	ReSpect:PT108140 1-Decanoyl-2-Hydroxy-sn-Glycero-3-Phosphocholine|10:0 LysoPC|1-decanoyl-sn-glycero-3-phosphocholine|1-Capryl-2-lysophosphatidylcholine|1-Decanoyllysolecithin|Phosphocholine,1-Decanoyl-2-Hydroxy-sn-Gly [M+H]	RESPECT	temp/spectra_filtered.mgf330	-1	RESPECT.mgf	0.222083				7	0	9.15527e-05	412.246	0	CCMSLIB00000221379
466	spectra_filtered.mgf	*..*		:22642	41105	-1	0	429.336	1	0.824281	0	0	477.84	135700.0	(1S,2R,5R,6R,10R,13S,15S)-5-[(2R,3E,5R)-5,6-dimethylhept-3-en-2-yl]-6,10-dimethyl-16,17-dioxapentacyclo[13.2.2.0,?.0,?.0?,?]nonadec-18-en-13-ol [M+H]+	MONA	temp/spectra_filtered.mgf466	-1	MONA.mgf	1.42162				11	0	0.000610352	429.337	0	CCMSLIB00004713705
70	spectra_filtered.mgf	*..*		:289	1869	-1	0	196.097	1	0.819901	0	0	97837400.0	274900.0	L_tyrosine_methyl_ester M+H	GNPS-NUTRI-METAB-FEM-POS	temp/spectra_filtered.mgf70	-1	GNPS-NUTRI-METAB-FEM-POS.mgf	4770.06				6	0	0.935394	197.032	0	CCMSLIB00006674821
246	spectra_filtered.mgf	*..*		:73	5237	-1	0	195.123	1	0.816674	0	0	3851.4	3899000.0	Spectral Match to Tetraethylene glycol from NIST14 M+H	GNPS-NIST14-MATCHES	temp/spectra_filtered.mgf246	-1	GNPS-NIST14-MATCHES.mgf	1.01661				6	0	0.000198364	195.123	0	CCMSLIB00003139724
35	spectra_filtered.mgf	*..*		:4625	4625	-1	0	170.081	1	0.814009	0	0	200525000.0	285400.0	Pyridoxine - 30.0 eV M+H	BIRMINGHAM-UHPLC-MS-POS	temp/spectra_filtered.mgf35	-1	BIRMINGHAM-UHPLC-MS-POS.mgf	5798.36				7	0	0.986191	169.095	0	CCMSLIB00006120477
225	spectra_filtered.mgf	*..*		:8827	8827	-1	0	189.0	1	0.813908	0	0	109668000.0	544900.0	Massbank:KO003025 Gly-Leu|Glycyl-L-leucine|Glycyl-leucine [M+H]+	MASSBANK	temp/spectra_filtered.mgf225	-1	MASSBANK.mgf	277.807				6	0	0.0525055	189.053	0	CCMSLIB00000218562
364	spectra_filtered.mgf	*..*		:1861	1347	-1	0	149.024	1	0.813117	0	0	3829.83	132900.0	Spectral Match to Phthalic anhydride from NIST14 M+H	GNPS-NIST14-MATCHES	temp/spectra_filtered.mgf364	-1	GNPS-NIST14-MATCHES.mgf	3.99327				6	0	0.000595093	149.023	0	CCMSLIB00003135833
464	spectra_filtered.mgf	*..*		:28881	28881	-1	0	758.57	1	0.812248	0	0	2585270.0	349700.0	PC(16:1/18:1); [M+H]+ C42H81N1O8P1 M+H	PNNL-LIPIDS-POSITIVE	temp/spectra_filtered.mgf464	-1	PNNL-LIPIDS-POSITIVE.mgf	0.643686				6	0	0.000488281	758.57	0	CCMSLIB00010100285
21	spectra_filtered.mgf	*..*		:31	650	-1	0	215.016	1	0.808381	0	0	145180.0	2827300.0	CITRATE M+Na	GNPS-MSMLS	temp/spectra_filtered.mgf21	-1	GNPS-MSMLS.mgf	457.233				6	0	0.0983124	214.918	0	CCMSLIB00005464401
353	spectra_filtered.mgf	*..*		:30446	42445	-1	0	440.55	1	0.803858	0	0	1035530.0	803900.0	Massbank:PS081304 1-Dodecanoyllysolecithin|12:0 LysoPC|Phosphocholine,1-Lauroyl-2-Hydroxy-sn-Glycero-3-|1-Lauroyl-2-Hydroxy-sn-Glycero-3-Phosphocholine M+H	MASSBANK	temp/spectra_filtered.mgf353	-1	MASSBANK.mgf	618.941				6	0	0.272675	440.277	0	CCMSLIB00005755997
25	spectra_filtered.mgf	*..*		:778	1224	-1	0	133.06	1	0.8036	0	0	11219200.0	875900.0	thiamine CollisionEnergy:102040 M+H]	BERKELEY-LAB	temp/spectra_filtered.mgf25	-1	BERKELEY-LAB.mgf	280.383				6	0	0.0373077	133.097	0	CCMSLIB00010103212
123	spectra_filtered.mgf	*..*		:199	4897	-1	0	198.097	1	0.791938	0	0	1175660.0	144000.0	Spectral Match to D-Fructose from NIST14 M+NH4	GNPS-NIST14-MATCHES	temp/spectra_filtered.mgf123	-1	GNPS-NIST14-MATCHES.mgf	1.00135				8	0	0.000198364	198.097	0	CCMSLIB00003139384
228	spectra_filtered.mgf	*..*		:8827	8827	-1	0	189.0	1	0.791566	0	0	109668000.0	576300.0	Massbank:KO003025 Gly-Leu|Glycyl-L-leucine|Glycyl-leucine [M+H]+	MASSBANK	temp/spectra_filtered.mgf228	-1	MASSBANK.mgf	653.464				6	0	0.123505	189.124	0	CCMSLIB00000218562
257	spectra_filtered.mgf	*..*		:12081	12130	-1	0	261.124	1	0.785479	0	0	397300.0	211000.0	Putative Trp-C3:0 / Proprionate conjugated tryptophan M+H	GNPS-LIBRARY	temp/spectra_filtered.mgf257	-1	GNPS-LIBRARY.mgf	3809.73				8	0	0.994812	262.119	0	CCMSLIB00010012984
261	spectra_filtered.mgf	*..*		:1411	128	-1	0	283.175	1	0.783495	0	0	25620800.0	404700.0	Spectral Match to Hexaethylene glycol from NIST14 M+H	GNPS-NIST14-MATCHES	temp/spectra_filtered.mgf261	-1	GNPS-NIST14-MATCHES.mgf	3643.68				6	0	1.0318	284.207	0	CCMSLIB00003134614
506	spectra_filtered.mgf	*..*		:1305	4498	-1	0	628.196	1	0.780881	0	0	26252800.0	174700.0	Contaminant vial septum ThermoFisher C5000-44B M+NH4	GNPS-LIBRARY	temp/spectra_filtered.mgf506	-1	GNPS-LIBRARY.mgf	1.74887				11	0	0.00109863	628.195	0	CCMSLIB00005435823
333	spectra_filtered.mgf	*..*		:4426	4872	-1	0	227.164	1	0.778732	0	0	591245.0	123200.0	2-heptylhexanedioic acid CollisionEnergy:102040 M+H-H2O	BERKELEY-LAB	temp/spectra_filtered.mgf333	-1	BERKELEY-LAB.mgf	4330.77				8	0	0.983795	226.18	0	CCMSLIB00010106860
266	spectra_filtered.mgf	*..*		:19846	38309	-1	0	299.079	1	0.777436	0	0	156.649	554500.0	cyclo(tyrosyl-prolyl) [M+K]+	MONA	temp/spectra_filtered.mgf266	-1	MONA.mgf	3754.2				6	0	1.1228	300.202	0	CCMSLIB00004710909
170	spectra_filtered.mgf	*..*		:4329	4329	-1	0	308.091	1	0.774788	0	0	303016000.0	3581000.0	Glutathione - 40.0 eV M+H	BIRMINGHAM-UHPLC-MS-POS	temp/spectra_filtered.mgf170	-1	BIRMINGHAM-UHPLC-MS-POS.mgf	3398.34				12	0	1.047	309.138	0	CCMSLIB00006119970
116	spectra_filtered.mgf	*..*		:437	3238	-1	0	367.1	1	0.772436	0	0	14344.0	86800.0	NCGC00381184-01_C15H20O9_ M+Na	GNPS-NIH-NATURALPRODUCTSLIBRARY_ROUND2_POSITIVE	temp/spectra_filtered.mgf116	-1	GNPS-NIH-NATURALPRODUCTSLIBRARY_ROUND2_POSITIVE.mgf	5432.56				6	0	1.99429	365.106	0	CCMSLIB00000850693
115	spectra_filtered.mgf	*..*		:131	1670	-1	0	204.087	1	0.77154	0	0	246.649	35600.0	Aspartic_Acid_C4:0 [M+H]+	CMMC-LIBRARY	temp/spectra_filtered.mgf115	-1	CMMC-LIBRARY.mgf	5067.94				7	0	1.0343	203.053	0	CCMSLIB00012473824
446	spectra_filtered.mgf	*..*		:18883	16426	-1	0	463.129	1	0.766853	0	0	438.802	162500.0	630407-66-8 [2M-H2O+2H]+2	CMMC-REFRAME-POSITIVE-LIBRARY	temp/spectra_filtered.mgf446	-1	CMMC-REFRAME-POSITIVE-LIBRARY.mgf	3.22882				11	0	0.00149536	463.13	0	CCMSLIB00012270739
391	spectra_filtered.mgf	*..*		:3429	1741	-1	0	395.231	1	0.756864	0	0	1884030.0	228600.0	Trp-C11:0 M+Na	ECG-ACYL-AMIDES-C4-C24-LIBRARY	temp/spectra_filtered.mgf391	-1	ECG-ACYL-AMIDES-C4-C24-LIBRARY.mgf	334.802				8	0	0.132324	395.363	0	CCMSLIB00011435192
88	spectra_filtered.mgf	*..*		:7	4325	-1	0	184.08	1	0.74907	0	0	5839.7	97900.0	Spectral Match to Phosphocholine from NIST14 M+H	GNPS-NIST14-MATCHES	temp/spectra_filtered.mgf88	-1	GNPS-NIST14-MATCHES.mgf	5173.8				6	0	0.952393	185.032	0	CCMSLIB00003138812
224	spectra_filtered.mgf	*..*		:8827	8827	-1	0	189.0	1	0.747965	0	0	109668000.0	556700.0	Massbank:KO003025 Gly-Leu|Glycyl-L-leucine|Glycyl-leucine [M+H]+	MASSBANK	temp/spectra_filtered.mgf224	-1	MASSBANK.mgf	653.464				7	0	0.123505	189.124	0	CCMSLIB00000218562
405	spectra_filtered.mgf	*..*		:4243	2831	-1	0	480.308	1	0.746862	0	0	705778.0	77100.0	Spectral Match to 1-(9Z-Octadecenoyl)-sn-glycero-3-phosphoethanolamine from NIST14 M+H	GNPS-NIST14-MATCHES	temp/spectra_filtered.mgf405	-1	GNPS-NIST14-MATCHES.mgf	1.39783				7	0	0.000671387	480.309	0	CCMSLIB00003137318
378	spectra_filtered.mgf	*..*		:16117	16117	-1	0	452.278	1	0.744661	0	0	5747.31	1131100.0	PE(16:1/0:0); [M+H]+ C21H43N1O7P1 M+H	PNNL-LIPIDS-POSITIVE	temp/spectra_filtered.mgf378	-1	PNNL-LIPIDS-POSITIVE.mgf	1.34951				7	0	0.000610352	452.277	0	CCMSLIB00010086490
493	spectra_filtered.mgf	*..*		:2221	10670	-1	0	662.476	1	0.742288	0	0	772210000.0	296800.0	PE-DAG (14:0/16:1) M+H	GNPS-LIBRARY	temp/spectra_filtered.mgf493	-1	GNPS-LIBRARY.mgf	0.460659				9	0	0.000305176	662.476	0	CCMSLIB00006678084
487	spectra_filtered.mgf	*..*		:5099	2054	-1	0	338.341	1	0.740734	0	0	391665.0	396400.0	Spectral Match to 13-Docosenamide, (Z)- from NIST14 M+H	GNPS-NIST14-MATCHES	temp/spectra_filtered.mgf487	-1	GNPS-NIST14-MATCHES.mgf	2.07455				11	0	0.000701904	338.342	0	CCMSLIB00003136541
209	spectra_filtered.mgf	*..*		:4483	4483	-1	0	168.078	1	0.730217	0	0	762054.0	51100.0	N.pi.-Methyl-L-histidine - 40.0 eV M-H	BIRMINGHAM-UHPLC-MS-NEG	temp/spectra_filtered.mgf209	-1	BIRMINGHAM-UHPLC-MS-NEG.mgf	6050.12				7	0	1.01689	169.095	0	CCMSLIB00006123324
423	spectra_filtered.mgf	*..*		:3667	2180	-1	0	377.32	1	0.728754	0	0	37068.0	163800.0	Polanrazine B_120170 ?	GNPS-LIBRARY	temp/spectra_filtered.mgf423	-1	GNPS-LIBRARY.mgf	2.10288				7	0	0.000793457	377.321	0	CCMSLIB00000478076
2	spectra_filtered.mgf	*..*		:21	659	-1	0	215.053	1	0.724734	0	0	159930.0	223400.0	QUINATE M+Na	GNPS-MSMLS	temp/spectra_filtered.mgf2	-1	GNPS-MSMLS.mgf	8824.36				8	0	1.89771	216.951	0	CCMSLIB00005464410
235	spectra_filtered.mgf	*..*		:4955	4955	-1	0	189.135	1	0.722698	0	0	265817.0	1399300.0	Homo-L-arginine - 40.0 eV M+H	BIRMINGHAM-UHPLC-MS-POS	temp/spectra_filtered.mgf235	-1	BIRMINGHAM-UHPLC-MS-POS.mgf	5141.85				6	0	0.972504	190.107	0	CCMSLIB00006121016
465	spectra_filtered.mgf	*..*		:1	179	-1	0	395.331	1	0.703373	0	0	197920.0	124000.0	Ergosterol M-H	ELIXDB-LICHEN-DATABASE	temp/spectra_filtered.mgf465	-1	ELIXDB-LICHEN-DATABASE.mgf	0.231585				10	0	9.15527e-05	395.331	0	CCMSLIB00011430708
385	spectra_filtered.mgf	*..*		:16117	16117	-1	0	452.278	1	0.700278	0	0	5747.31	620600.0	PE(16:1/0:0); [M+H]+ C21H43N1O7P1 M+H	PNNL-LIPIDS-POSITIVE	temp/spectra_filtered.mgf385	-1	PNNL-LIPIDS-POSITIVE.mgf	1.34951				8	0	0.000610352	452.277	0	CCMSLIB00010086490
