"feature_id_full","feature_id","feature_mz","feature_rt","sDelta_vs_WT_p_value","sDelta_vs_WT_p_value_minus_log10","sDelta_vs_WT_fold_change","sDelta_vs_WT_fold_change_log2","canopus_npc_pathway","canopus_npc_superclass","canopus_npc_class","sirius_name","gnps_smiles","met_annot_structure_smiles","sirius_smiles","gnps_inchi","gnps_inchi_aux","gnps_inchikey","gnps_inchikey_planar","met_annot_short_inchikey","met_annot_structure_inchi","met_annot_structure_inchikey","sirius_inchi","sirius_inchikey2d"
"182_265.11_0.8",182,265.112067584734,0.822463,6.02395590058623e-08,7.22011821612378,1.94786065783507,0.96189047647542,"Alkaloids","Nicotinic acid alkaloids","Pyridine alkaloids","Begiolan",NA,NA,"CC1=C(SC=[N+]1CC2=CN=C(N=C2N)C)CCO",NA,NA,NA,NA,NA,NA,NA,"InChI=1S/C12H17N4OS/c1-8-11(3-4-17)18-7-16(8)6-10-5-14-9(2)15-12(10)13/h5,7,17H,3-4,6H2,1-2H3,(H2,13,14,15)/q+1","JZRWCGZRTZMZEH"
"215_195.98_1.2",215,195.977467608991,1.1953357,8.82848209211354e-07,6.0541139595806,1.88345577699647,0.913382159615606,NA,NA,NA,NA,NA,NA,NA,NA,NA,NA,NA,NA,NA,NA,NA,NA
"36_148.12_0.5",36,148.116013017668,0.45616096,3.00257310880711e-06,5.52250640928227,0.534677006029874,-0.903260460417477,"Fatty acids","Fatty acyls","Polyamines","N-Diaethylhomocysteamin","C(CC(=O)O)C(C(=O)O)N",NA,"CCN(CC)CCCS","InChI=1S/C5H9NO4/c6-3(5(9)10)1-2-4(7)8/h3H,1-2,6H2,(H,7,8)(H,9,10)",NA,"WHUUTDBJXJRKMK-UHFFFAOYSA-N","WHUUTDBJXJRKMK",NA,NA,NA,"InChI=1S/C7H17NS/c1-3-8(4-2)6-5-7-9/h9H,3-7H2,1-2H3","XQFQYOHHVAEHPL"
"163_124.04_0.8",163,124.039674463119,0.7684775,4.89998886202388e-06,5.30980490714844,1.80341530582904,0.850731671126837,"Alkaloids","Nicotinic acid alkaloids","Pyridine alkaloids","Direktan","O=C(O)c1cccnc1",NA,"C1=CC(=CN=C1)C(=O)O","\"\"InChI=1S/C6H5NO2/c8-6(9)5-2-1-3-7-4-5/h1-4H,(H,8,9)\"\"",NA,"PVNIIMVLHYAWGP-UHFFFAOYSA-N","PVNIIMVLHYAWGP",NA,NA,NA,"InChI=1S/C6H5NO2/c8-6(9)5-2-1-3-7-4-5/h1-4H,(H,8,9)","PVNIIMVLHYAWGP"
"160_148.04_0.8",160,148.043070633532,0.7666405,6.69378428444886e-06,5.17432828743433,1.826666021126,0.869212882618757,"Amino acids and Peptides","Small peptides","Aminoacids","bmse000397",NA,NA,"CS(=O)CCC(C(=O)O)N",NA,NA,NA,NA,NA,NA,NA,"InChI=1S/C5H11NO3S/c1-10(9)3-2-4(6)5(7)8/h4H,2-3,6H2,1H3,(H,7,8)","QEFRNWWLZKMPFJ"
"159_225.12_0.8",159,225.123594911628,0.76549226,1.59745262113633e-05,4.79657201372304,1.74921419298422,0.806706959491558,"Amino acids and Peptides","Peptide alkaloids","Pyrazine and Piperazine alkaloids","Nifenalol",NA,NA,"CC(C)NCC(C1=CC=C(C=C1)[N+](=O)[O-])O",NA,NA,NA,NA,NA,NA,NA,"InChI=1S/C11H16N2O3/c1-8(2)12-7-11(14)9-3-5-10(6-4-9)13(15)16/h3-6,8,11-12,14H,7H2,1-2H3","UAORFCGRZIGNCI"
"60_290.85_0.5",60,290.847148426028,0.49115735,1.65508914482441e-05,4.78117860970537,1.71634095653597,0.779336177220905,NA,NA,NA,NA,NA,NA,NA,NA,NA,NA,NA,NA,NA,NA,NA,NA
"54_292.85_0.5",54,292.845146481188,0.4901592,2.54330223124515e-05,4.59460202772725,1.71235611023685,0.775982763098351,NA,NA,NA,NA,NA,NA,NA,NA,NA,NA,NA,NA,NA,NA,NA,NA
"52_274.87_0.5",52,274.873189078328,0.4901592,3.66801105061409e-05,4.43556936460139,1.70368007445209,0.768654444521932,NA,NA,NA,NA,NA,NA,NA,NA,NA,NA,NA,NA,NA,NA,NA,NA
"61_206.89_0.5",61,206.885887266303,0.49167556,4.41924428504139e-05,4.35465199103486,1.72570881405381,0.787189053184002,NA,NA,NA,NA,NA,NA,NA,NA,NA,NA,NA,NA,NA,NA,NA,NA
"156_330.07_0.8",156,330.073504711961,0.7526583,5.45895759065033e-05,4.26289027961199,1.74074806373108,0.799707418665867,"Amino acids and Peptides","Small peptides","Dipeptides","Glutinal",NA,NA,"C(CC(=O)NC(CS)C(=O)NCC(=O)O)C(C(=O)O)N",NA,NA,NA,NA,NA,NA,NA,"InChI=1S/C10H17N3O6S/c11-5(10(18)19)1-2-7(14)13-6(4-20)9(17)12-3-8(15)16/h5-6,20H,1-4,11H2,(H,12,17)(H,13,14)(H,15,16)(H,18,19)","RWSXRVCMGQZWBV"
"53_276.87_0.5",53,276.871264091591,0.4901592,6.03057698954182e-05,4.21964113373279,1.68330256620167,0.751294518037976,NA,NA,NA,NA,NA,NA,NA,NA,NA,NA,NA,NA,NA,NA,NA,NA
"138_386.03_0.7",138,386.026292241583,0.66483057,7.05618923387626e-05,4.1514297807495,1.79265300098982,0.842096256639479,"Carbohydrates","Nucleosides","Purine nucleos(t)ides","Phosaden","C(CSC[C@@H]1[C@H]([C@H]([C@H](N2C=NC3=C2N=CN=C3N)O1)O)O)[C@@H](C(=O)O)N",NA,"C1=NC(=C2C(=N1)N(C=N2)C3C(C(C(O3)COP(=O)(O)O)O)O)N","\"\"InChI=1S/C14H20N6O5S/c15-6(14(23)24)1-2-26-3-7-9(21)10(22)13(25-7)20-5-19-8-11(16)17-4-18-12(8)20/h4-7,9-10,13,21-22H,1-3,15H2,(H,23,24)(H2,16,17,18)/t6-,7+,9+,10+,13+/m0/s1\"\"",NA,"ZJUKTBDSGOFHSH-WFMPWKQPSA-N","ZJUKTBDSGOFHSH",NA,NA,NA,"InChI=1S/C10H14N5O7P/c11-8-5-9(13-2-12-8)15(3-14-5)10-7(17)6(16)4(22-10)1-21-23(18,19)20/h2-4,6-7,10,16-17H,1H2,(H2,11,12,13)(H2,18,19,20)","UDMBCSSLTHHNCD"
"59_122.92_0.5",59,122.924692932453,0.49065888,7.41911770433539e-05,4.1296477387805,1.70161311193256,0.76690305527018,NA,NA,NA,NA,NA,NA,NA,NA,NA,NA,NA,NA,NA,NA,NA,NA
"275_227.08_2.7",275,227.084839764326,2.7482634,8.33342131848042e-05,4.07917666069617,1.77105389624311,0.824608116471264,"Alkaloids","Histidine alkaloids","Imidazole alkaloids","Appearex","O=C(O)CCCCC1SCC2N=C(O)NC21","CC(=O)c1nc(O)cc2c1[nH]c1ccccc12","C1C2C(C(S1)CCCCC(=O)O)NC(=O)N2","\"\"InChI=1S/C10H16N2O3S/c13-8(14)4-2-1-3-7-9-6(5-16-7)11-10(15)12-9/h6-7,9H,1-5H2,(H,13,14)(H2,11,12,15)/t6?,7-,9?/m0/s1\"\"",NA,"YBJHBAHKTGYVGT-UHFFFAOYSA-N","YBJHBAHKTGYVGT","IKXVCSKDYINBFT","InChI=1S/C13H10N2O2/c1-7(16)12-13-9(6-11(17)15-12)8-4-2-3-5-10(8)14-13/h2-6,14H,1H3,(H,15,17)","IKXVCSKDYINBFT-UHFFFAOYSA-N","InChI=1S/C10H16N2O3S/c13-8(14)4-2-1-3-7-9-6(5-16-7)11-10(15)12-9/h6-7,9H,1-5H2,(H,13,14)(H2,11,12,15)","YBJHBAHKTGYVGT"
"277_267.08_2.7",277,267.077457799108,2.7490802,0.000102509540503865,3.98923571319002,1.75950240730683,0.815167487947911,"Alkaloids","Pseudoalkaloids","Pyridine alkaloids","MNK1 Inhibitor","CC1=C(CCO)SC=[N+]1CC1=C(N)N=C(C)N=C1","O=C(O)CCCC[C@@H]1SC[C@@H]2NC(=O)N[C@@H]21","C1=CC(=CC=C1NC2=C3C(=NC=NC3=NN2)N)F","InChI=1S/C12H17N4OS/c1-8-11(3-4-17)18-7-16(8)6-10-5-14-9(2)15-12(10)13/h5,7,17H,3-4,6H2,1-2H3,(H2,13,14,15)/q+1",NA,"JZRWCGZRTZMZEH-UHFFFAOYSA-N","JZRWCGZRTZMZEH","YBJHBAHKTGYVGT","InChI=1S/C10H16N2O3S/c13-8(14)4-2-1-3-7-9-6(5-16-7)11-10(15)12-9/h6-7,9H,1-5H2,(H,13,14)(H2,11,12,15)/t6-,7-,9-/m0/s1","YBJHBAHKTGYVGT-ZKWXMUAHSA-N","InChI=1S/C11H9FN6/c12-6-1-3-7(4-2-6)16-11-8-9(13)14-5-15-10(8)17-18-11/h1-5H,(H4,13,14,15,16,17,18)","UQPMANVRZYYQMD"
"209_169.09_1.1",209,169.094914924554,1.1479175,0.000113006606097593,3.94689616795134,1.80443785961632,0.85154946123625,"Amino acids and Peptides","Small peptides","Aminoacids","lysinium","Cn1cncc1C[C@@H](C(=O)O)N",NA,"C(CCN)CC(C(=O)O)N","InChI=1S/C7H11N3O2/c1-10-4-9-3-5(10)2-6(8)7(11)12/h3-4,6H,2,8H2,1H3,(H,11,12)/t6-/m0/s1",NA,"JDHILDINMRGULE-LURJTMIESA-N","JDHILDINMRGULE",NA,NA,NA,"InChI=1S/C6H14N2O2/c7-4-2-1-3-5(8)6(9)10/h5H,1-4,7-8H2,(H,9,10)","KDXKERNSBIXSRK"
"284_191.08_2.9",284,191.084931714791,2.8598714,0.000118444743334654,3.92648420882396,1.69624393682645,0.762343658782792,"Alkaloids","Ornithine alkaloids","Dipeptides","null",NA,"CSCC[C@@H](N)C(=O)O","CC(=O)NCCC(=O)NCCS",NA,NA,NA,NA,"FFEARJCKVFRZRR","InChI=1S/C5H11NO2S/c1-9-3-2-4(6)5(7)8/h4H,2-3,6H2,1H3,(H,7,8)/t4-/m1/s1","FFEARJCKVFRZRR-SCSAIBSYSA-N","InChI=1S/C7H14N2O2S/c1-6(10)8-3-2-7(11)9-4-5-12/h12H,2-5H2,1H3,(H,8,10)(H,9,11)","UTUANHHJYGDYCT"
"57_208.88_0.5",57,208.883925866701,0.49018735,0.00012599491425743,3.89964698468014,1.73428674262529,0.794342449864849,NA,NA,NA,NA,NA,NA,NA,NA,NA,NA,NA,NA,NA,NA,NA,NA
"158_137.05_0.8",158,137.046024287042,0.7652039,0.000194043314581902,3.71210131551199,1.69379708389545,0.760261050825676,"Alkaloids","Pseudoalkaloids","Purine alkaloids","Sarcine","C1=NC2=C(N1)C(=O)NC=N2",NA,"C1=NC2=C(N1)C(=O)N=CN2","InChI=1S/C5H4N4O/c10-5-3-4(7-1-6-3)8-2-9-5/h1-2H,(H2,6,7,8,9,10)",NA,"FDGQSTZJBFJUBT-UHFFFAOYSA-N","FDGQSTZJBFJUBT",NA,NA,NA,"InChI=1S/C5H4N4O/c10-5-3-4(7-1-6-3)8-2-9-5/h1-2H,(H2,6,7,8,9,10)","FDGQSTZJBFJUBT"
"252_220.12_1.9",252,220.11810306967,1.8589668,0.000196966074009613,3.70560857149956,1.71465820593312,0.777921023191726,"Fatty acids","Fatty amides","N-acyl amines","vitamin B5","CC(C)(CO)[C@H](/C(=N/CCC(=O)O)/O)O","CC(C)(CO)C(O)C(=O)NCCC(=O)O","CC(C)(CO)C(C(=O)NCCC(=O)O)O","\"\"InChI=1S/C9H17NO5/c1-9(2,5-11)7(14)8(15)10-4-3-6(12)13/h7,11,14H,3-5H2,1-2H3,(H,10,15)(H,12,13)/t7-/m0/s1\"\"",NA,"GHOKWGTUZJEAQD-ZETCQYMHSA-N","GHOKWGTUZJEAQD","GHOKWGTUZJEAQD","InChI=1S/C9H17NO5/c1-9(2,5-11)7(14)8(15)10-4-3-6(12)13/h7,11,14H,3-5H2,1-2H3,(H,10,15)(H,12,13)","GHOKWGTUZJEAQD-UHFFFAOYSA-N","InChI=1S/C9H17NO5/c1-9(2,5-11)7(14)8(15)10-4-3-6(12)13/h7,11,14H,3-5H2,1-2H3,(H,10,15)(H,12,13)","GHOKWGTUZJEAQD"
"214_213.08_1.2",214,213.075048161351,1.1937661,0.000203835913434293,3.69071929612814,1.73574739276382,0.79555700439289,"Amino acids and Peptides","Small peptides","Aminoacids","arginine",NA,NA,"C(CC(C(=O)O)N)CN=C(N)N",NA,NA,NA,NA,NA,NA,NA,"InChI=1S/C6H14N4O2/c7-4(5(11)12)2-1-3-10-6(8)9/h4H,1-3,7H2,(H,11,12)(H4,8,9,10)","ODKSFYDXXFIFQN"
"254_298.1_1.9",254,298.096842033814,1.884042,0.000214120282623196,3.66934219205111,1.69467585126369,0.761009348585133,"Carbohydrates","Nucleosides","Purine nucleos(t)ides","Vitamin L2","CSC[C@@H]1[C@H]([C@H]([C@@H](O1)N2C=NC3=C(N=CN=C32)N)O)O",NA,"CSCC1C(C(C(O1)N2C=NC3=C(N=CN=C32)N)O)O","InChI=1S/C11H15N5O3S/c1-20-2-5-7(17)8(18)11(19-5)16-4-15-6-9(12)13-3-14-10(6)16/h3-5,7-8,11,17-18H,2H2,1H3,(H2,12,13,14)/t5-,7-,8-,11-/m1/s1",NA,"WUUGFSXJNOTRMR-IOSLPCCCSA-N","WUUGFSXJNOTRMR",NA,NA,NA,"InChI=1S/C11H15N5O3S/c1-20-2-5-7(17)8(18)11(19-5)16-4-15-6-9(12)13-3-14-10(6)16/h3-5,7-8,11,17-18H,2H2,1H3,(H2,12,13,14)","WUUGFSXJNOTRMR"
"256_205.1_1.9",256,205.097330906442,1.8948429,0.000216593580493786,3.6643544193517,1.72885211037494,0.789814463107424,"Amino acids and Peptides","Small peptides","Aminoacids","Pacitron","C1=CC2=C(C=C1)NC=C2C[C@@H](C(=O)O)N","NC(Cc1c[nH]c2ccccc12)C(=O)O","C1=CC=C2C(=C1)C(=CN2)CC(C(=O)O)N","\"\"InChI=1S/C11H12N2O2/c12-9(11(14)15)5-7-6-13-10-4-2-1-3-8(7)10/h1-4,6,9,13H,5,12H2,(H,14,15)/t9-/m0/s1\"\"",NA,"QIVBCDIJIAJPQS-VIFPVBQESA-N","QIVBCDIJIAJPQS","QIVBCDIJIAJPQS","InChI=1S/C11H12N2O2/c12-9(11(14)15)5-7-6-13-10-4-2-1-3-8(7)10/h1-4,6,9,13H,5,12H2,(H,14,15)","QIVBCDIJIAJPQS-UHFFFAOYSA-N","InChI=1S/C11H12N2O2/c12-9(11(14)15)5-7-6-13-10-4-2-1-3-8(7)10/h1-4,6,9,13H,5,12H2,(H,14,15)","QIVBCDIJIAJPQS"
"278_245.1_2.7",278,245.095600461834,2.74958,0.000230415378877646,3.63748853766721,1.69264074309164,0.759275798892348,"Alkaloids","Histidine alkaloids","Imidazole alkaloids","Appearex","C1[C@H]2[C@@H]([C@@H](S1)CCCCC(=O)O)NC(=O)N2","O=C(O)CCCC[C@@H]1SC[C@@H]2NC(=O)N[C@@H]21","C1C2C(C(S1)CCCCC(=O)O)NC(=O)N2","InChI=1S/C10H16N2O3S/c13-8(14)4-2-1-3-7-9-6(5-16-7)11-10(15)12-9/h6-7,9H,1-5H2,(H,13,14)(H2,11,12,15)/t6-,7-,9-/m0/s1",NA,"YBJHBAHKTGYVGT-ZKWXMUAHSA-N","YBJHBAHKTGYVGT","YBJHBAHKTGYVGT","InChI=1S/C10H16N2O3S/c13-8(14)4-2-1-3-7-9-6(5-16-7)11-10(15)12-9/h6-7,9H,1-5H2,(H,13,14)(H2,11,12,15)/t6-,7-,9-/m0/s1","YBJHBAHKTGYVGT-ZKWXMUAHSA-N","InChI=1S/C10H16N2O3S/c13-8(14)4-2-1-3-7-9-6(5-16-7)11-10(15)12-9/h6-7,9H,1-5H2,(H,13,14)(H2,11,12,15)","YBJHBAHKTGYVGT"
"255_188.07_1.9",255,188.07073873776,1.8948429,0.000237823130566839,3.6237459083842,1.71753660329846,0.78034084538076,"Alkaloids","Tryptophan alkaloids","Simple indole alkaloids","bmse000409",NA,NA,"C1=CC=C2C(=C1)C(=CN2)CC(C(=O)O)O",NA,NA,NA,NA,NA,NA,NA,"InChI=1S/C11H11NO3/c13-10(11(14)15)5-7-6-12-9-4-2-1-3-8(7)9/h1-4,6,10,12-13H,5H2,(H,14,15)","XGILAAMKEQUXLS"
"285_321.15_2.9",285,321.147884340296,2.8603036,0.000238851888204626,3.6218713211229,1.676830652233,0.745736994495368,"Fatty acids","Fatty amides","N-acyl amines","null",NA,NA,"CC(=O)SCCNC(=O)CCNC(=O)C(C(C)(C)CO)O",NA,NA,NA,NA,NA,NA,NA,"InChI=1S/C13H24N2O5S/c1-9(17)21-7-6-14-10(18)4-5-15-12(20)11(19)13(2,3)8-16/h11,16,19H,4-8H2,1-3H3,(H,14,18)(H,15,20)","WWROXTIUCJPVJU"
"74_180_0.5",74,180.003289404943,0.5298126,0.000317430081187737,3.49835191981553,1.72582786576025,0.787288577148255,NA,NA,NA,NA,NA,NA,NA,NA,NA,NA,NA,NA,NA,NA,NA,NA
"39_156.04_0.5",39,156.042163436836,0.46650687,0.000321551184433462,3.49274988635498,0.589137169199846,-0.763324518073095,"Amino acids and Peptides","Small peptides","Aminoacids","N-Methyl-GABA",NA,NA,"CNCCCC(=O)O",NA,NA,NA,NA,NA,NA,NA,"InChI=1S/C5H11NO2/c1-6-4-2-3-5(7)8/h6H,2-4H2,1H3,(H,7,8)","AOKCDAVWJLOAHG"
"149_174.9_0.7",149,174.896093940285,0.6999878,0.000334065208688975,3.47616875172245,1.72692755002875,0.788207558601211,NA,NA,NA,NA,"C(C[C@@H](C(=O)O)N)CN=C(N)N",NA,NA,"InChI=1S/C6H14N4O2/c7-4(5(11)12)2-1-3-10-6(8)9/h4H,1-3,7H2,(H,11,12)(H4,8,9,10)/t4-/m0/s1",NA,"ODKSFYDXXFIFQN-BYPYZUCNSA-N","ODKSFYDXXFIFQN",NA,NA,NA,NA,NA
"76_222.99_0.5",76,222.988235455794,0.5307552,0.000343966322245346,3.46348407713488,1.67270611537821,0.742183994611062,NA,NA,NA,NA,"C(CSCC(C(=O)O)N)C(C(=O)O)N",NA,NA,"InChI=1S/C7H14N2O4S/c8-4(6(10)11)1-2-14-3-5(9)7(12)13/h4-5H,1-3,8-9H2,(H,10,11)(H,12,13)",NA,"ILRYLPWNYFXEMH-UHFFFAOYSA-N","ILRYLPWNYFXEMH",NA,NA,NA,NA,NA
"251_242.1_1.9",251,242.100030519694,1.8572327,0.000365861979763615,3.43668271988424,1.72687403658292,0.788162852163397,"Fatty acids","Fatty amides","N-acyl amines","vitamin B5",NA,NA,"CC(C)(CO)C(C(=O)NCCC(=O)O)O",NA,NA,NA,NA,NA,NA,NA,"InChI=1S/C9H17NO5/c1-9(2,5-11)7(14)8(15)10-4-3-6(12)13/h7,11,14H,3-5H2,1-2H3,(H,10,15)(H,12,13)","GHOKWGTUZJEAQD"
"157_227.14_0.8",157,227.139338018935,0.76007766,0.000366930962102469,3.43541564037567,1.73611274390407,0.795860640057581,"Amino acids and Peptides","Small peptides","Aminoacids","null",NA,NA,"CCCC(=O)C(C)NC(=O)CCC(C(=O)O)N",NA,NA,NA,NA,NA,NA,NA,"InChI=1S/C11H20N2O4/c1-3-4-9(14)7(2)13-10(15)6-5-8(12)11(16)17/h7-8H,3-6,12H2,1-2H3,(H,13,15)(H,16,17)","PYSJONOJEKCVCZ"
"51_190.91_0.5",51,190.911836501656,0.4897066,0.00037602750847935,3.42478038288141,1.64318378215539,0.716493847772001,NA,NA,NA,NA,NA,NA,NA,NA,NA,NA,NA,NA,NA,NA,NA,NA
"152_133.03_0.7",152,133.032129394465,0.7381499,0.00037950722653157,3.42077994990578,1.69905551245733,0.764732989802035,"Fatty acids","Fatty Acids and Conjugates","Fatty aldehydes","thiolane-2-carboxylic acid",NA,NA,"C1CC(SC1)C(=O)O",NA,NA,NA,NA,NA,NA,NA,"InChI=1S/C5H8O2S/c6-5(7)4-2-1-3-8-4/h4H,1-3H2,(H,6,7)","MZOYMQRKTJRHGJ"
"248_146.12_1.8",248,146.117679088818,1.838279,0.000426278829168677,3.37030623574023,1.73260556408519,0.792943255475068,"Amino acids and Peptides","Small peptides","Aminoacids","AmbotzHAA1031",NA,NA,"CC(C)CC(C(=O)OC)N",NA,NA,NA,NA,NA,NA,NA,"InChI=1S/C7H15NO2/c1-5(2)4-6(8)7(9)10-3/h5-6H,4,8H2,1-3H3","QVDXUKJJGUSGLS"
"330_412.25_4.9",330,412.245946626959,4.899558,0.00043284235738774,3.36367024633113,1.7137170058519,0.777128890102491,"Fatty acids","Glycerophospholipids","Glycerophosphocholines","Decanoyl lysolecithin","CCCCCCCCCC(=O)OCC(COP(=O)([O-])OCC[N+](C)(C)C)O",NA,"CCCCCCCCCC(=O)OCC(COP(=O)(O)OCC[N+](C)(C)C)O","1/C18H38NO7P/c1-5-6-7-8-9-10-11-12-18(21)24-15-17(20)16-26-27(22,23)25-14-13-19(2,3)4/h17,20H,5-16H2,1-4H3/t17-/m1/s1",NA,"SECPDKKEUKDCPG-UHFFFAOYSA-N","SECPDKKEUKDCPG","SECPDKKEUKDCPG","nan","nan","InChI=1S/C18H38NO7P/c1-5-6-7-8-9-10-11-12-18(21)24-15-17(20)16-26-27(22,23)25-14-13-19(2,3)4/h17,20H,5-16H2,1-4H3/p+1","SECPDKKEUKDCPG"
"174_157.02_0.8",174,157.024603127771,0.80830365,0.000433773434029418,3.36273704938896,1.72821954661295,0.78928650378045,"Alkaloids","Pseudoalkaloids","Aminoacids","Orotonin",NA,NA,"C1=C(NC(=O)NC1=O)C(=O)O",NA,NA,NA,NA,NA,NA,NA,"InChI=1S/C5H4N2O4/c8-3-1-2(4(9)10)6-5(11)7-3/h1H,(H,9,10)(H2,6,7,8,11)","PXQPEWDEAKTCGB"
"153_150.06_0.7",153,150.058581693498,0.7381499,0.000436049798814013,3.36046390954996,1.69546262790137,0.761678984224397,"Amino acids and Peptides","Small peptides","Aminoacids","Lobamine","CSCC[C@H](N)C(=O)O","CSCC[C@@H](N)C(=O)O","CSCCC(C(=O)O)N","\"\"InChI=1S/C5H11NO2S/c1-9-3-2-4(6)5(7)8/h4H,2-3,6H2,1H3,(H,7,8)/t4-/m0/s1\"\"",NA,"FFEARJCKVFRZRR-BYPYZUCNSA-N","FFEARJCKVFRZRR","FFEARJCKVFRZRR","InChI=1S/C5H11NO2S/c1-9-3-2-4(6)5(7)8/h4H,2-3,6H2,1H3,(H,7,8)/t4-/m1/s1","FFEARJCKVFRZRR-SCSAIBSYSA-N","InChI=1S/C5H11NO2S/c1-9-3-2-4(6)5(7)8/h4H,2-3,6H2,1H3,(H,7,8)","FFEARJCKVFRZRR"
"319_246.17_4.1",319,246.170031945048,4.082903,0.000448611291337857,3.34812979962507,1.70307650507839,0.768143244774575,"Fatty acids","Fatty esters","Wax monoesters","N-(octanoyl)homoserine","CCCCCCCC(=O)N[C@H](C(=O)O)[C@@H](C)O",NA,"CCCCCCCC(=O)NC(CCO)C(=O)O","InChI=1S/C12H23NO4/c1-3-4-5-6-7-8-10(15)13-11(9(2)14)12(16)17/h9,11,14H,3-8H2,1-2H3,(H,13,15)(H,16,17)/t9-,11+/m1/s1",NA,"LHZLVRUEGMKPKV-KOLCDFICSA-N","LHZLVRUEGMKPKV",NA,NA,NA,"InChI=1S/C12H23NO4/c1-2-3-4-5-6-7-11(15)13-10(8-9-14)12(16)17/h10,14H,2-9H2,1H3,(H,13,15)(H,16,17)","DFDLFCATYPBJHB"
"199_399.15_1.1",199,399.145028381419,1.0600905,0.000505910962653301,3.29592590970341,1.76690144401811,0.821221570058319,"Carbohydrates","Nucleosides","Purine nucleos(t)ides","Donamet","C[S+](C[C@H]1O[C@@H](N2C=NC3=C(N=CN=C23)N)[C@@H]([C@@H]1O)O)CC[C@@H](C([O-])=O)N",NA,"C[S+](CCC(C(=O)O)N)CC1C(C(C(O1)N2C=NC3=C(N=CN=C32)N)O)O","\"\"InChI=1S/C15H22N6O5S/c1-27(3-2-7(16)15(24)25)4-8-10(22)11(23)14(26-8)21-6-20-9-12(17)18-5-19-13(9)21/h5-8,10-11,14,22-23H,2-4,16H2,1H3,(H2-,17,18,19,24,25)/t7-,8+,10+,11+,14+,27?/m0/s1\"\"",NA,"MEFKEPWMEQBLKI-AIRLBKTGSA-N","MEFKEPWMEQBLKI",NA,NA,NA,"InChI=1S/C15H22N6O5S/c1-27(3-2-7(16)15(24)25)4-8-10(22)11(23)14(26-8)21-6-20-9-12(17)18-5-19-13(9)21/h5-8,10-11,14,22-23H,2-4,16H2,1H3,(H2-,17,18,19,24,25)/p+1","MEFKEPWMEQBLKI"
"108_219.03_0.6",108,219.026614079009,0.57734925,0.000522841647279883,3.28162982571382,1.66273703577173,0.733560022391873,NA,NA,NA,NA,NA,NA,NA,NA,NA,NA,NA,NA,NA,NA,NA,NA
"222_308.09_1.4",222,308.091304407611,1.3683308,0.00064163050968712,3.19271499342444,1.69416645069928,0.760575625438316,"Amino acids and Peptides","Small peptides","Tripeptides","Glutinal","N[C@@H](CCC(=O)N[C@@H](CS)C(=O)NCC(O)=O)C(O)=O","N[C@@H](CCC(=O)N[C@@H](CS)C(=O)NCC(=O)O)C(=O)O","C(CC(=O)NC(CS)C(=O)NCC(=O)O)C(C(=O)O)N","\"\"InChI=1S/C10H17N3O6S/c11-5(10(18)19)1-2-7(14)13-6(4-20)9(17)12-3-8(15)16/h5-6,20H,1-4,11H2,(H,12,17)(H,13,14)(H,15,16)(H,18,19)/t5-,6-/m0/s1\"\"",NA,"RWSXRVCMGQZWBV-WDSKDSINSA-N","RWSXRVCMGQZWBV","RWSXRVCMGQZWBV","InChI=1S/C10H17N3O6S/c11-5(10(18)19)1-2-7(14)13-6(4-20)9(17)12-3-8(15)16/h5-6,20H,1-4,11H2,(H,12,17)(H,13,14)(H,15,16)(H,18,19)/t5-,6-/m0/s1","RWSXRVCMGQZWBV-WDSKDSINSA-N","InChI=1S/C10H17N3O6S/c11-5(10(18)19)1-2-7(14)13-6(4-20)9(17)12-3-8(15)16/h5-6,20H,1-4,11H2,(H,12,17)(H,13,14)(H,15,16)(H,18,19)","RWSXRVCMGQZWBV"
"119_335.06_0.6",119,335.063733514385,0.60501087,0.000644444157999248,3.19081470891335,1.71528941120412,0.778452014813858,"Alkaloids","Nicotinic acid alkaloids","Pyridine alkaloids","beta-NMN","C1=C[N+](=CC(=C1)C(=N)O)[C@H]2[C@@H]([C@@H]([C@@H](COP(=O)(O)[O-])O2)O)O",NA,"C1=CC(=C[N+](=C1)C2C(C(C(O2)COP(=O)(O)O)O)O)C(=O)N","\"\"InChI=1S/C11H15N2O8P/c12-10(16)6-2-1-3-13(4-6)11-9(15)8(14)7(21-11)5-20-22(17,18)19/h1-4,7-9,11,14-15H,5H2,(H3-,12,16,17,18,19)/t7-,8-,9-,11-/m1/s1\"\"",NA,"DAYLJWODMCOQEW-TURQNECASA-N","DAYLJWODMCOQEW",NA,NA,NA,"InChI=1S/C11H15N2O8P/c12-10(16)6-2-1-3-13(4-6)11-9(15)8(14)7(21-11)5-20-22(17,18)19/h1-4,7-9,11,14-15H,5H2,(H3-,12,16,17,18,19)/p+1","DAYLJWODMCOQEW"
"47_374.97_0.5",47,374.973270752978,0.48720485,0.000644772914935086,3.1905932142881,1.69024048646224,0.757228526947384,"Alkaloids","Nicotinic acid alkaloids","Pyridine alkaloids","2-(4-methoxyphenyl)-2-sulfanylidene-6-(trifluoromethyl)-1H-[1,2,4]triazolo[4,3-d][1,3,4,2]thiadiazaphosphole",NA,NA,"COC1=CC=C(C=C1)P2(=S)NN3C(=NN=C3S2)C(F)(F)F",NA,NA,NA,NA,NA,NA,NA,"InChI=1S/C10H8F3N4OPS2/c1-18-6-2-4-7(5-3-6)19(20)16-17-8(10(11,12)13)14-15-9(17)21-19/h2-5H,1H3,(H,16,20)","CJRRMYSWLAXWRU"
"73_195.98_0.5",73,195.977354464213,0.52641565,0.00065414825352291,3.18432381377005,1.66686553674761,0.737137729224395,NA,NA,NA,NA,NA,NA,NA,NA,NA,NA,NA,NA,NA,NA,NA,NA
"115_203.05_0.6",115,203.052664086245,0.59369534,0.000671464381728821,3.17297701982162,1.63671048738758,0.710799150554309,NA,NA,NA,NA,"CCCC(=O)N[C@@H](CC(=O)O)C(=O)O",NA,NA,"InChI=1S/C8H13NO5/c1-2-3-6(10)9-5(8(13)14)4-7(11)12/h5H,2-4H2,1H3,(H,9,10)(H,11,12)(H,13,14)/t5-/m0/s1",NA,"AKENSLPCKUWJFX-YFKPBYRVSA-N","AKENSLPCKUWJFX",NA,NA,NA,NA,NA
"276_290.15_2.7",276,290.153234251437,2.748996,0.000673964410007665,3.17136303661806,1.67589787415395,0.744934236781453,"Shikimates and Phenylpropanoids","Flavonoids","Chalcones","p-Dibenzylaminophenol",NA,NA,"C1=CC=C(C=C1)CN(CC2=CC=CC=C2)C3=CC=C(C=C3)O",NA,NA,NA,NA,NA,NA,NA,"InChI=1S/C20H19NO/c22-20-13-11-19(12-14-20)21(15-17-7-3-1-4-8-17)16-18-9-5-2-6-10-18/h1-14,22H,15-16H2","KIZJKDGQKFCELU"
"93_170.04_0.6",93,170.042485631083,0.56643265,0.000688502140214423,3.16209470539708,1.66625952745006,0.736613124475936,"Shikimates and Phenylpropanoids","Small peptides","Aminoacids","2-(Methylthio)pyrimidine-5-boronic acid",NA,NA,"B(C1=CN=C(N=C1)SC)(O)O",NA,NA,NA,NA,NA,NA,NA,"InChI=1S/C5H7BN2O2S/c1-11-5-7-2-4(3-8-5)6(9)10/h2-3,9-10H,1H3","SLNVTXVTMQIKCE"
"91_169.06_0.6",91,169.058467925313,0.5581121,0.000800956728202861,3.09639094610097,1.71193099931442,0.775624553986123,"Amino acids and Peptides","Small peptides","Aminoacids","glutamin","CC1=C(O)C(C=O)=C(CO)C=N1",NA,"C(CC(=O)N)C(C(=O)O)N","InChI=1S/C8H9NO3/c1-5-8(12)7(4-11)6(3-10)2-9-5/h2,4,10,12H,3H2,1H3",NA,"RADKZDMFGJYCBB-UHFFFAOYSA-N","RADKZDMFGJYCBB",NA,NA,NA,"InChI=1S/C5H10N2O3/c6-3(5(9)10)1-2-4(7)8/h3H,1-2,6H2,(H2,7,8)(H,9,10)","ZDXPYRJPNDTMRX"
"146_225.12_0.7",146,225.123318323299,0.6910378,0.000820035798764917,3.08616718802275,1.72017280005931,0.78255349822191,"Alkaloids","Tetramate alkaloids","Pyrazine and Piperazine alkaloids","3-hydroxy-2-(hydroxymethyl)-2-methyl-N''-phenylpropanehydrazide",NA,NA,"CC(CO)(CO)C(=O)NNC1=CC=CC=C1",NA,NA,NA,NA,NA,NA,NA,"InChI=1S/C11H16N2O3/c1-11(7-14,8-15)10(16)13-12-9-5-3-2-4-6-9/h2-6,12,14-15H,7-8H2,1H3,(H,13,16)","QXVQVTBWOPOSTG"
"376_250.12_6.5",376,250.118656785313,6.478004,0.000866291182256826,3.06233610614433,0.576448573298823,-0.794736188408669,"Alkaloids","Pseudoalkaloids","Purine alkaloids","Activator OC","C=CCOC1=NC(OCC=C)=NC(OCC=C)=N1",NA,"C=CCOC1=NC(=NC(=N1)OCC=C)OCC=C","1S/C12H15N3O3/c1-4-7-16-10-13-11(17-8-5-2)15-12(14-10)18-9-6-3/h4-6H,1-3,7-9H2",NA,"BJELTSYBAHKXRW-UHFFFAOYSA-N","BJELTSYBAHKXRW",NA,NA,NA,"InChI=1S/C12H15N3O3/c1-4-7-16-10-13-11(17-8-5-2)15-12(14-10)18-9-6-3/h4-6H,1-3,7-9H2","BJELTSYBAHKXRW"
"223_268.1_1.4",223,268.10374815297,1.3733622,0.000927426501709572,3.03272049806521,1.69321424957573,0.759764535102387,"Carbohydrates","Nucleosides","Purine nucleos(t)ides","Adenocor",NA,NA,"C1=NC(=C2C(=N1)N(C=N2)C3C(C(C(O3)CO)O)O)N",NA,NA,NA,NA,NA,NA,NA,"InChI=1S/C10H13N5O4/c11-8-5-9(13-2-12-8)15(3-14-5)10-7(18)6(17)4(1-16)19-10/h2-4,6-7,10,16-18H,1H2,(H2,11,12,13)","OIRDTQYFTABQOQ"
"287_201.16_2.9",287,201.159847036535,2.912907,0.000957917530557197,3.01867187877702,1.63715651477575,0.711192252353841,"Alkaloids","Ornithine alkaloids","Polyamines","1,2-Dimorpholinoethane",NA,NA,"C1COCCN1CCN2CCOCC2",NA,NA,NA,NA,NA,NA,NA,"InChI=1S/C10H20N2O2/c1(11-3-7-13-8-4-11)2-12-5-9-14-10-6-12/h1-10H2","QRQKCMFVJWNKQI"
"63_334.99_0.5",63,334.992035713088,0.49264824,0.000972245118658339,3.01222422863313,1.64058945345203,0.714214259222514,"Alkaloids","Small peptides","Aminoacids","methyl 2-[(6-acetamido-1,3-benzothiazol-2-yl)sulfanyl]acetate",NA,NA,"CC(=O)NC1=CC2=C(C=C1)N=C(S2)SCC(=O)OC",NA,NA,NA,NA,NA,NA,NA,"InChI=1S/C12H12N2O3S2/c1-7(15)13-8-3-4-9-10(5-8)19-12(14-9)18-6-11(16)17-2/h3-5H,6H2,1-2H3,(H,13,15)","TYXZJDHELRGQTC"
"286_343.13_2.9",286,343.129858624746,2.8603036,0.00105697795214754,2.97593407169024,1.59045803941091,0.669442310178376,"Fatty acids","Fatty amides","N-acyl amines","null",NA,NA,"CC(=O)SCCNC(=O)CCNC(=O)C(C(C)(C)CO)O",NA,NA,NA,NA,NA,NA,NA,"InChI=1S/C13H24N2O5S/c1-9(17)21-7-6-14-10(18)4-5-15-12(20)11(19)13(2,3)8-16/h11,16,19H,4-8H2,1-3H3,(H,14,18)(H,15,20)","WWROXTIUCJPVJU"
"44_359_0.5",44,358.999235760419,0.4821121,0.00107836233121601,2.9672352910895,1.58345813040841,0.663078720317948,"Alkaloids","Ornithine alkaloids","Wax monoesters","Sufosfamide",NA,NA,"CS(=O)(=O)OCCNP1(=O)N(CCCO1)CCCl",NA,NA,NA,NA,NA,NA,NA,"InChI=1S/C8H18ClN2O5PS/c1-18(13,14)16-8-4-10-17(12)11(6-3-9)5-2-7-15-17/h2-8H2,1H3,(H,10,12)","ZSZKJARKHWCBJK"
"11_301.07_0.4",11,301.07316112746,0.42861518,0.00115068383398561,2.93904398828808,1.63164790995976,0.706329774615325,"Alkaloids","Anthranilic acid alkaloids","Benzodiazepine alkaloids","Crisonar",NA,NA,"CN1C2=C(C=C(C=C2)Cl)C(=NC(C1=O)O)C3=CC=CC=C3",NA,NA,NA,NA,NA,NA,NA,"InChI=1S/C16H13ClN2O2/c1-19-13-8-7-11(17)9-12(13)14(18-15(20)16(19)21)10-5-3-2-4-6-10/h2-9,15,20H,1H3","SEQDDYPDSLOBDC"
"298_251.19_3.5",298,251.185357805485,3.4630523,0.00117507385903919,2.92993483503901,1.63678100380806,0.710861306628586,"Fatty acids","Glycerolipids","Monoacylglycerols","2-[2-[2-(2-hydroxypropoxy)propoxy]propoxy]propan-1-ol",NA,NA,"CC(CO)OCC(C)OCC(C)OCC(C)O",NA,NA,NA,NA,NA,NA,NA,"InChI=1S/C12H26O5/c1-9(14)6-15-11(3)8-17-12(4)7-16-10(2)5-13/h9-14H,5-8H2,1-4H3","QVHMSMOUDQXMRS"
"35_169.09_0.5",35,169.094809843315,0.45533895,0.0012327845727681,2.90911280907517,1.68126017444939,0.749542998425108,"Amino acids and Peptides","Small peptides","Aminoacids","lysinium","Cc1c(c(c(cn1)CO)CO)O",NA,"C(CCN)CC(C(=O)O)N","InChI=1S/C8H11NO3/c1-5-8(12)7(4-11)6(3-10)2-9-5/h2,10-12H,3-4H2,1H3",NA,"LXNHXLLTXMVWPM-UHFFFAOYSA-N","LXNHXLLTXMVWPM",NA,NA,NA,"InChI=1S/C6H14N2O2/c7-4-2-1-3-5(8)6(9)10/h5H,1-4,7-8H2,(H,9,10)","KDXKERNSBIXSRK"
"151_123.06_0.7",151,123.055598956531,0.7200533,0.00124840734851268,2.90364368360722,1.68592729225841,0.753542319577703,"Alkaloids","Nicotinic acid alkaloids","Pyridine alkaloids","Amide PP",NA,NA,"C1=CC(=CN=C1)C(=O)N",NA,NA,NA,NA,NA,NA,NA,"InChI=1S/C6H6N2O/c7-6(9)5-2-1-3-8-4-5/h1-4H,(H2,7,9)","DFPAKSUCGFBDDF"
"104_148.06_0.6",104,148.060493257088,0.5750869,0.00126672934778264,2.89731616753238,1.68149231844994,0.749742188225491,"Amino acids and Peptides","Small peptides","Aminoacids","Glutamat","C(CC(=O)O)C(C(=O)O)N","NC(CCC(=O)O)C(=O)O","C(CC(=O)O)C(C(=O)O)N","InChI=1S/C5H9NO4/c6-3(5(9)10)1-2-4(7)8/h3H,1-2,6H2,(H,7,8)(H,9,10)",NA,"WHUUTDBJXJRKMK-UHFFFAOYSA-N","WHUUTDBJXJRKMK","WHUUTDBJXJRKMK","InChI=1S/C5H9NO4/c6-3(5(9)10)1-2-4(7)8/h3H,1-2,6H2,(H,7,8)(H,9,10)","WHUUTDBJXJRKMK-UHFFFAOYSA-N","InChI=1S/C5H9NO4/c6-3(5(9)10)1-2-4(7)8/h3H,1-2,6H2,(H,7,8)(H,9,10)","WHUUTDBJXJRKMK"
"79_223.97_0.5",79,223.972218519982,0.53832173,0.00128513329440771,2.89105182484358,1.65835498641224,0.729752862273188,"Amino acids and Peptides","Small peptides","Aminoacids","P-serine",NA,NA,"C(C(C(=O)O)N)OP(=O)(O)O",NA,NA,NA,NA,NA,NA,NA,"InChI=1S/C3H8NO6P/c4-2(3(5)6)1-10-11(7,8)9/h2H,1,4H2,(H,5,6)(H2,7,8,9)","BZQFBWGGLXLEPQ"
"250_258.07_1.9",250,258.074125437548,1.8552842,0.00130372995380616,2.88481235624004,1.68707614239615,0.754525087898373,"Carbohydrates","Saccharides","Glycerophosphocholines","null",NA,NA,"CC(=O)NCCOP(=O)(O)OCC(CO)O",NA,NA,NA,NA,NA,NA,NA,"InChI=1S/C7H16NO7P/c1-6(10)8-2-3-14-16(12,13)15-5-7(11)4-9/h7,9,11H,2-5H2,1H3,(H,8,10)(H,12,13)","OZSOSOMDMHEXQY"
"96_188.07_0.6",96,188.074073878111,0.5674206,0.00130923159362807,2.88298352309151,1.60759010150149,0.684899599355106,"Alkaloids","Lysine alkaloids","Piperidine alkaloids","null",NA,NA,"C1CC=CC(C1)NCCS(=O)(=O)O",NA,NA,NA,NA,NA,NA,NA,"InChI=1S/C8H15NO3S/c10-13(11,12)7-6-9-8-4-2-1-3-5-8/h2,4,8-9H,1,3,5-7H2,(H,10,11,12)","QYBHFBWGLSFIEN"
"56_392.95_0.5",56,392.94548011304,0.4901592,0.00135468734754597,2.86816092538238,1.65339730394084,0.725433439422944,"Alkaloids","Ornithine alkaloids","Polyamines","2-(2,4-dibromophenoxy)-N-(propan-2-ylcarbamoyl)acetamide",NA,NA,"CC(C)NC(=O)NC(=O)COC1=C(C=C(C=C1)Br)Br",NA,NA,NA,NA,NA,NA,NA,"InChI=1S/C12H14Br2N2O3/c1-7(2)15-12(18)16-11(17)6-19-10-4-3-8(13)5-9(10)14/h3-5,7H,6H2,1-2H3,(H2,15,16,17,18)","DXUSESKZVPFYSV"
"99_147.08_0.6",99,147.076684860766,0.5692322,0.00139397353885248,2.85574547016873,1.68065225733468,0.749021248359318,"Amino acids and Peptides","Small peptides","Aminoacids","glutamin","N[C@@H](CCC(O)=O)C(O)=O","NC(=O)CCC(N)C(=O)O|O=C1CCC(C(=O)O)N1|NC(CO)C(=O)O","C(CC(=O)N)C(C(=O)O)N","InChI=1S/C5H9NO4/c6-3(5(9)10)1-2-4(7)8/h3H,1-2,6H2,(H,7,8)(H,9,10)/t3-/m0/s1",NA,"WHUUTDBJXJRKMK-VKHMYHEASA-N","WHUUTDBJXJRKMK","ZDXPYRJPNDTMRX|ODHCTXKNWHHXJC|MTCFGRXMJLQNBG","InChI=1S/C5H10N2O3/c6-3(5(9)10)1-2-4(7)8/h3H,1-2,6H2,(H2,7,8)(H,9,10)|InChI=1S/C5H7NO3/c7-4-2-1-3(6-4)5(8)9/h3H,1-2H2,(H,6,7)(H,8,9)|InChI=1S/C3H7NO3/c4-2(1-5)3(6)7/h2,5H,1,4H2,(H,6,7)","ZDXPYRJPNDTMRX-UHFFFAOYSA-N|ODHCTXKNWHHXJC-UHFFFAOYSA-N|MTCFGRXMJLQNBG-UHFFFAOYSA-N","InChI=1S/C5H10N2O3/c6-3(5(9)10)1-2-4(7)8/h3H,1-2,6H2,(H2,7,8)(H,9,10)","ZDXPYRJPNDTMRX"
"133_193.07_0.7",133,193.0681512957,0.66081923,0.00142687895333312,2.84561286790095,1.67713333937335,0.745997393974077,"Amino acids and Peptides","Small peptides","Aminoacids","S-(2-boronoethyl)-L-cysteine",NA,NA,"B(CCSCC(C(=O)O)N)(O)O",NA,NA,NA,NA,NA,NA,NA,"InChI=1S/C5H12BNO4S/c7-4(5(8)9)3-12-2-1-6(10)11/h4,10-11H,1-3,7H2,(H,8,9)","OTJHLDXXJHAZTN"
"40_197.1_0.5",40,197.100974106442,0.47442687,0.00151421181117677,2.81981337054849,1.6731000779521,0.742523744029551,"Amino acids and Peptides","Small peptides","Aminoacids","arginine","N=C(N)NCCC[C@H](N)C(=O)O","CNc1c(OC)ccc(C(N)=O)c1O","C(CC(C(=O)O)N)CN=C(N)N","\"\"InChI=1S/C6H14N4O2/c7-4(5(11)12)2-1-3-10-6(8)9/h4H,1-3,7H2,(H,11,12)(H4,8,9,10)/t4-/m0/s1\"\"",NA,"ODKSFYDXXFIFQN-BYPYZUCNSA-N","ODKSFYDXXFIFQN","FRESVRQONWYDRN","InChI=1S/C9H12N2O3/c1-11-7-6(14-2)4-3-5(8(7)12)9(10)13/h3-4,11-12H,1-2H3,(H2,10,13)","FRESVRQONWYDRN-UHFFFAOYSA-N","InChI=1S/C6H14N4O2/c7-4(5(11)12)2-1-3-10-6(8)9/h4H,1-3,7H2,(H,11,12)(H4,8,9,10)","ODKSFYDXXFIFQN"
"49_291.01_0.5",49,291.011866797247,0.48822495,0.00151875680897849,2.81851176199907,1.66199743346071,0.732918154228375,NA,NA,NA,NA,NA,NA,NA,NA,NA,NA,NA,NA,NA,NA,NA,NA
"137_385.13_0.7",137,385.128876767751,0.66370046,0.00164381971179083,2.78414581603439,1.66656530167074,0.736877848231705,"Carbohydrates","Nucleosides","Purine nucleos(t)ides","Ara-ahcy","C(CSC[C@@H]1[C@H]([C@H]([C@H](N2C=NC3=C2N=CN=C3N)O1)O)O)[C@@H](C(=O)O)N",NA,"C1=NC(=C2C(=N1)N(C=N2)C3C(C(C(O3)CSCCC(C(=O)O)N)O)O)N","\"\"InChI=1S/C14H20N6O5S/c15-6(14(23)24)1-2-26-3-7-9(21)10(22)13(25-7)20-5-19-8-11(16)17-4-18-12(8)20/h4-7,9-10,13,21-22H,1-3,15H2,(H,23,24)(H2,16,17,18)/t6-,7+,9+,10+,13+/m0/s1\"\"",NA,"ZJUKTBDSGOFHSH-WFMPWKQPSA-N","ZJUKTBDSGOFHSH",NA,NA,NA,"InChI=1S/C14H20N6O5S/c15-6(14(23)24)1-2-26-3-7-9(21)10(22)13(25-7)20-5-19-8-11(16)17-4-18-12(8)20/h4-7,9-10,13,21-22H,1-3,15H2,(H,23,24)(H2,16,17,18)","ZJUKTBDSGOFHSH"
"103_148.07_0.6",103,148.072910551266,0.57277817,0.00169004918707491,2.77210065552576,1.66556595383612,0.736012483636009,"Alkaloids","Lysine alkaloids","Piperidine alkaloids","4-methyl-5-oxo-hexanenitrile","C(CC(=O)O)C(C(=O)O)N",NA,"CC(CCC#N)C(=O)C","InChI=1S/C5H9NO4/c6-3(5(9)10)1-2-4(7)8/h3H,1-2,6H2,(H,7,8)(H,9,10)",NA,"WHUUTDBJXJRKMK-UHFFFAOYSA-N","WHUUTDBJXJRKMK",NA,NA,NA,"InChI=1S/C7H11NO/c1-6(7(2)9)4-3-5-8/h6H,3-4H2,1-2H3","NWVJJSXURDQKFU"
"155_346.05_0.8",155,346.047447537927,0.7525022,0.00177826105430902,2.75000448289133,1.72736108687449,0.788569694789828,"Amino acids and Peptides","Small peptides","Dipeptides","Glutinal",NA,NA,"C(CC(=O)NC(CS)C(=O)NCC(=O)O)C(C(=O)O)N",NA,NA,NA,NA,NA,NA,NA,"InChI=1S/C10H17N3O6S/c11-5(10(18)19)1-2-7(14)13-6(4-20)9(17)12-3-8(15)16/h5-6,20H,1-4,11H2,(H,12,17)(H,13,14)(H,15,16)(H,18,19)","RWSXRVCMGQZWBV"
"50_390.95_0.5",50,390.947186753104,0.4886804,0.00180099511935515,2.7444874641044,1.64372315611609,0.716967333733042,"Alkaloids","Nicotinic acid alkaloids","Pyridine alkaloids","2-(4-methoxyphenyl)-2-sulfanylidene-6-(trifluoromethyl)-1H-[1,2,4]triazolo[4,3-d][1,3,4,2]thiadiazaphosphole",NA,NA,"COC1=CC=C(C=C1)P2(=S)NN3C(=NN=C3S2)C(F)(F)F",NA,NA,NA,NA,NA,NA,NA,"InChI=1S/C10H8F3N4OPS2/c1-18-6-2-4-7(5-3-6)19(20)16-17-8(10(11,12)13)14-15-9(17)21-19/h2-5H,1H3,(H,16,20)","CJRRMYSWLAXWRU"
"100_130.05_0.6",100,130.05017311371,0.5707168,0.00182284899667078,2.73924930645684,1.66337222731335,0.734111049207747,"Amino acids and Peptides","Small peptides","Aminoacids","Glutamat",NA,NA,"C(CC(=O)O)C(C(=O)O)N",NA,NA,NA,NA,NA,NA,NA,"InChI=1S/C5H9NO4/c6-3(5(9)10)1-2-4(7)8/h3H,1-2,6H2,(H,7,8)(H,9,10)","WHUUTDBJXJRKMK"
"165_251.07_0.8",165,251.069980311528,0.7705094,0.00188457993904153,2.72478543616699,1.64054319340953,0.714173578676442,"Amino acids and Peptides","Small peptides","Dipeptides","gammaGluCys","C(CC(=O)NC(CS)C(=O)O)[C@@H](C(=O)O)N","N[C@@H](CCC(=O)N[C@@H](CS)C(=O)O)C(=O)O","C(CC(=O)NC(CS)C(=O)O)C(C(=O)O)N","InChI=1S/C8H14N2O5S/c9-4(7(12)13)1-2-6(11)10-5(3-16)8(14)15/h4-5,16H,1-3,9H2,(H,10,11)(H,12,13)(H,14,15)/t4-,5?/m0/s1",NA,"RITKHVBHSGLULN-ROLXFIACSA-N","RITKHVBHSGLULN","RITKHVBHSGLULN","InChI=1S/C8H14N2O5S/c9-4(7(12)13)1-2-6(11)10-5(3-16)8(14)15/h4-5,16H,1-3,9H2,(H,10,11)(H,12,13)(H,14,15)/t4-,5-/m0/s1","RITKHVBHSGLULN-WHFBIAKZSA-N","InChI=1S/C8H14N2O5S/c9-4(7(12)13)1-2-6(11)10-5(3-16)8(14)15/h4-5,16H,1-3,9H2,(H,10,11)(H,12,13)(H,14,15)","RITKHVBHSGLULN"
"166_364.07_0.8",166,364.065690086849,0.7841255,0.00195711360400631,2.70838396424435,1.6612700110919,0.732286577818477,"Carbohydrates","Nucleosides","Purine nucleos(t)ides","guanylate","c1nc2c(=O)[nH]c(nc2n1[C@H]3[C@@H]([C@@H]([C@H](O3)COP(=O)(O)O)O)O)N",NA,"C1=NC2=C(N1C3C(C(C(O3)COP(=O)(O)O)O)O)NC(=N)N=C2O","InChI=1S/C10H14N5O8P/c11-10-13-7-4(8(18)14-10)12-2-15(7)9-6(17)5(16)3(23-9)1-22-24(19,20)21/h2-3,5-6,9,16-17H,1H2,(H2,19,20,21)(H3,11,13,14,18)/t3-,5-,6-,9-/m1/s1",NA,"RQFCJASXJCIDSX-UUOKFMHZSA-N","RQFCJASXJCIDSX",NA,NA,NA,"InChI=1S/C10H14N5O8P/c11-10-13-7-4(8(18)14-10)12-2-15(7)9-6(17)5(16)3(23-9)1-22-24(19,20)21/h2-3,5-6,9,16-17H,1H2,(H2,19,20,21)(H3,11,13,14,18)","RQFCJASXJCIDSX"
"70_197.03_0.5",70,197.032362393603,0.50074196,0.00200804874652533,2.69722574865351,1.63614568881468,0.710301217211411,NA,NA,NA,NA,"COC(=O)C(CC1=CC=C(C=C1)O)N",NA,NA,"InChI=1S/C10H13NO3/c1-14-10(13)9(11)6-7-2-4-8(12)5-3-7/h2-5,9,12H,6,11H2,1H3/t9-/m0/s1",NA,"MWZPENIJLUWBSY-UHFFFAOYSA-N","MWZPENIJLUWBSY",NA,NA,NA,NA,NA
"62_235.06_0.5",62,235.056751320603,0.4917349,0.00203502237586773,2.69143081117465,1.6283897253138,0.703446023614883,"Alkaloids","Pseudoalkaloids","pteridine alkaloids","1H-Tetrazole, 5-(p-nitrobenzamido)-",NA,NA,"C1=CC(=CC=C1C(=O)NC2=NNN=N2)[N+](=O)[O-]",NA,NA,NA,NA,NA,NA,NA,"InChI=1S/C8H6N6O3/c15-7(9-8-10-12-13-11-8)5-1-3-6(4-2-5)14(16)17/h1-4H,(H2,9,10,11,12,13,15)","ODLUTVBIDGJWAA"
"97_120.07_0.6",97,120.065838178875,0.567822,0.00205089292864619,2.6880570123337,1.69381563775901,0.760276854029379,"Amino acids and Peptides","Small peptides","Aminoacids","Threonin","C[C@H]([C@@H](C(=O)O)N)O",NA,"CC(C(C(=O)O)N)O","\"\"InChI=1S/C4H9NO3/c1-2(6)3(5)4(7)8/h2-3,6H,5H2,1H3,(H,7,8)/t2-,3+/m1/s1\"\"",NA,"AYFVYJQAPQTCCC-GBXIJSLDSA-N","AYFVYJQAPQTCCC",NA,NA,NA,"InChI=1S/C4H9NO3/c1-2(6)3(5)4(7)8/h2-3,6H,5H2,1H3,(H,7,8)","AYFVYJQAPQTCCC"
"189_162.08_0.9",189,162.07620859509,0.89955974,0.00207870855182946,2.68220639725106,1.60886672539865,0.686044821667325,"Amino acids and Peptides","Small peptides","Dipeptides","N-Acetylthreonine",NA,"CC(=O)OCCC(N)C(=O)O","CC(C(C(=O)O)NC(=O)C)O",NA,NA,NA,NA,"FCXZBWSIAGGPCB","InChI=1S/C6H11NO4/c1-4(8)11-3-2-5(7)6(9)10/h5H,2-3,7H2,1H3,(H,9,10)","FCXZBWSIAGGPCB-UHFFFAOYSA-N","InChI=1S/C6H11NO4/c1-3(8)5(6(10)11)7-4(2)9/h3,5,8H,1-2H3,(H,7,9)(H,10,11)","PEDXUVCGOLSNLQ"
"88_185.03_0.6",88,185.032353833931,0.55073,0.00214739854295115,2.66808734590293,1.64166409273674,0.715158961879011,"Amino acids and Peptides","Small peptides","Aminoacids","4-ureidobutanoic acid","C[N+](C)(C)CCOP(=O)(O)O",NA,"C(CC(=O)O)CNC(=O)N","InChI=1S/C5H14NO4P/c1-6(2,3)4-5-10-11(7,8)9/h4-5H2,1-3H3,(H-,7,8,9)/p+1",NA,"YHHSONZFOIEMCP-UHFFFAOYSA-O","YHHSONZFOIEMCP",NA,NA,NA,"InChI=1S/C5H10N2O3/c6-5(10)7-3-1-2-4(8)9/h1-3H2,(H,8,9)(H3,6,7,10)","QYTWIMMLQKHPGL"
"423_377.32_8.5",423,377.320753290709,8.455139,0.00215208697331234,2.66714018130195,1.70908773130133,0.773226455682721,"Terpenoids","Steroids","Cholestane steroids","null","O=C([C@](N1)(SC)CC2=CNC3=C2C=CC=C3)N[C@](C(C)C)(SC)C1=O",NA,"CC(C=CC(C)C(=C)C)C1CCC2C1(CCC3C2=CC=C4C3(CCC(C4)O)C)C","InChI=1S/C18H23N3O2S2/c1-11(2)18(25-4)16(23)20-17(24-3,15(22)21-18)9-12-10-19-14-8-6-5-7-13(12)14/h5-8,10-11,19H,9H2,1-4H3,(H,20,23)(H,21,22)/t17-,18-/m1/s1",NA,"JXDWMFMAEDSXNI-QZTJIDSGSA-N","JXDWMFMAEDSXNI","CPRUTHPUWILGGA","nan","nan","InChI=1S/C28H42O/c1-18(2)19(3)7-8-20(4)24-11-12-25-23-10-9-21-17-22(29)13-15-27(21,5)26(23)14-16-28(24,25)6/h7-10,19-20,22,24-26,29H,1,11-17H2,2-6H3","BVOOLULFYOLJAW"
"84_255.1_0.5",84,255.097527042454,0.54697776,0.00219493042680706,2.65857924113149,1.55178022795241,0.63392424921683,"Carbohydrates","Nucleosides","Pyrimidine nucleos(t)ides","ribosylnicotinamide",NA,NA,"C1=CC(=C[N+](=C1)C2C(C(C(O2)CO)O)O)C(=O)N",NA,NA,NA,NA,NA,NA,NA,"InChI=1S/C11H14N2O5/c12-10(17)6-2-1-3-13(4-6)11-9(16)8(15)7(5-14)18-11/h1-4,7-9,11,14-16H,5H2,(H-,12,17)/p+1","JLEBZPBDRKPWTD"
"140_348.07_0.7",140,348.070441133564,0.67147744,0.00224414277575653,2.6489495160653,1.63192172788365,0.706571862761542,"Carbohydrates","Nucleosides","Purine nucleos(t)ides","[(2R,3S,4R,5R)-5-(2-amino-6-oxo-7,8-dihydro-3H-purin-9-yl)-3,4-dihydroxyoxolan-2-yl]methyl dihydrogen phosphate","Nc1c2ncn([C@@H]3O[C@H](COP(=O)(O)O)[C@@H](O)[C@H]3O)c2ncn1",NA,"C1NC2=C(N1C3C(C(C(O3)COP(=O)(O)O)O)O)N=C(NC2=O)N","InChI=1S/C10H14N5O7P/c11-8-5-9(13-2-12-8)15(3-14-5)10-7(17)6(16)4(22-10)1-21-23(18,19)20/h2-4,6-7,10,16-17H,1H2,(H2,11,12,13)(H2,18,19,20)/t4-,6-,7-,10-/m1/s1","UDMBCSSLTHHNCD-KQYNXXCUSA-N","UDMBCSSLTHHNCD-KQYNXXCUSA-N","UDMBCSSLTHHNCD",NA,NA,NA,"InChI=1S/C10H16N5O8P/c11-10-13-7-4(8(18)14-10)12-2-15(7)9-6(17)5(16)3(23-9)1-22-24(19,20)21/h3,5-6,9,12,16-17H,1-2H2,(H2,19,20,21)(H3,11,13,14,18)","PRELUFZXUIIWGM"
"445_393.32_9",445,393.315078487626,8.9866,0.00239367275715138,2.6209352229679,1.619294383636,0.695365287804908,"Terpenoids","Steroids","Vitamin D2 and derivatives","null",NA,"Cc1c2c(cc3c1C[C@@H](O)CC3)[C@@H]1CC[C@H]([C@H](C)/C=C/[C@H](C)C(C)C)[C@@]1(C)C=C2","CC(C)C(C)C=CC(C)C1CCC2C1(CC=CC2=CC=C3CC(CC(C3=C)O)O)C",NA,NA,NA,NA,"GWOAMHMYCJRYMO","InChI=1S/C28H40O/c1-17(2)18(3)7-8-19(4)26-11-12-27-25-15-21-9-10-22(29)16-24(21)20(5)23(25)13-14-28(26,27)6/h7-8,13-15,17-19,22,26-27,29H,9-12,16H2,1-6H3/b8-7+/t18-,19+,22-,26+,27-,28+/m0/s1","GWOAMHMYCJRYMO-NIDOPEEVSA-N","InChI=1S/C28H42O2/c1-18(2)19(3)9-10-20(4)25-13-14-26-22(8-7-15-28(25,26)6)11-12-23-16-24(29)17-27(30)21(23)5/h7-12,18-20,24-27,29-30H,5,13-17H2,1-4,6H3","WEKSJHQVNQAZAD"
"141_208.06_0.7",141,208.063841770405,0.6730146,0.00240362611608637,2.6191330858992,1.66288228392206,0.733686043301764,"Amino acids and Peptides","Small peptides","Aminoacids","S-(2-Carboxypropyl)cysteine",NA,NA,"CC(CSCC(C(=O)O)N)C(=O)O",NA,NA,NA,NA,NA,NA,NA,"InChI=1S/C7H13NO4S/c1-4(6(9)10)2-13-3-5(8)7(11)12/h4-5H,2-3,8H2,1H3,(H,9,10)(H,11,12)","QSPWUNSFUXUUDG"
"207_185.07_1.1",207,185.068873166358,1.1428881,0.00244846310937548,2.61110643504595,1.6646004747024,0.735175953674394,"Amino acids and Peptides","Small peptides","Aminoacids","lysinium",NA,NA,"C(CCN)CC(C(=O)O)N",NA,NA,NA,NA,NA,NA,NA,"InChI=1S/C6H14N2O2/c7-4-2-1-3-5(8)6(9)10/h5H,1-4,7-8H2,(H,9,10)","KDXKERNSBIXSRK"
"211_197.03_1.2",211,197.032521537336,1.1732556,0.00264767103880238,2.57713597501321,1.65238759126874,0.724552131318365,NA,NA,NA,NA,NA,NA,NA,NA,NA,NA,NA,NA,NA,NA,NA,NA
"131_162.08_0.7",131,162.076133068051,0.6511234,0.00265096478627961,2.57659604111867,1.63937662678375,0.71314733410394,"Amino acids and Peptides","Small peptides","Aminoacids","acetylhomoserine","CC(=O)OCC[C@H](N)C(O)=O","CC(=O)OCCC(N)C(=O)O","CC(=O)OCCC(C(=O)O)N","1S/C6H11NO4/c1-4(8)11-3-2-5(7)6(9)10/h5H,2-3,7H2,1H3,(H,9,10)/t5-/m0/s1",NA,"FCXZBWSIAGGPCB-YFKPBYRVSA-N","FCXZBWSIAGGPCB","FCXZBWSIAGGPCB","InChI=1S/C6H11NO4/c1-4(8)11-3-2-5(7)6(9)10/h5H,2-3,7H2,1H3,(H,9,10)","FCXZBWSIAGGPCB-UHFFFAOYSA-N","InChI=1S/C6H11NO4/c1-4(8)11-3-2-5(7)6(9)10/h5H,2-3,7H2,1H3,(H,9,10)","FCXZBWSIAGGPCB"
"86_296.07_0.6",86,296.065960707854,0.5503024,0.0028331869614861,2.547724765521,1.58631062477926,0.665675301274934,"Fatty acids","Glycerophospholipids","Glycerophosphocholines","Gliatilin (TN)",NA,NA,"C[N+](C)(C)CCOP(=O)(O)OCC(CO)O",NA,NA,NA,NA,NA,NA,NA,"InChI=1S/C8H20NO6P/c1-9(2,3)4-5-14-16(12,13)15-7-8(11)6-10/h8,10-11H,4-7H2,1-3H3/p+1","SUHOQUVVVLNYQR"
"136_256.08_0.7",136,256.081612855983,0.6636678,0.00285718145144713,2.54406217793722,1.62195652022236,0.697735145757191,"Alkaloids","Nucleosides","Pyrimidine nucleos(t)ides","ribosylnicotinate",NA,NA,"C1=CC(=C[N+](=C1)C2C(C(C(O2)CO)O)O)C(=O)O",NA,NA,NA,NA,NA,NA,NA,"InChI=1S/C11H13NO6/c13-5-7-8(14)9(15)10(18-7)12-3-1-2-6(4-12)11(16)17/h1-4,7-10,13-15H,5H2/p+1","PUEDDPCUCPRQNY"
"92_186.02_0.6",92,186.01637248282,0.56053305,0.0029247091224534,2.53391732028098,1.64522179580346,0.718282089818224,"Amino acids and Peptides","Small peptides","Aminoacids","Glutamat",NA,NA,"C(CC(=O)O)C(C(=O)O)N",NA,NA,NA,NA,NA,NA,NA,"InChI=1S/C5H9NO4/c6-3(5(9)10)1-2-4(7)8/h3H,1-2,6H2,(H,7,8)(H,9,10)","WHUUTDBJXJRKMK"
"150_213.12_0.7",150,213.123484161822,0.70026994,0.00302192189593222,2.51971676455159,1.61332200932636,0.690034420448528,"Amino acids and Peptides","Small peptides","Dipeptides","Prolylproline",NA,NA,"C1CC(NC1)C(=O)N2CCCC2C(=O)O",NA,NA,NA,NA,NA,NA,NA,"InChI=1S/C10H16N2O3/c13-9(7-3-1-5-11-7)12-6-2-4-8(12)10(14)15/h7-8,11H,1-6H2,(H,14,15)","RWCOTTLHDJWHRS"
"15_215.09_0.4",15,215.087741240358,0.43442538,0.00308664888457498,2.51051276998801,1.58690996851338,0.666220280873964,"Amino acids and Peptides","Small peptides","Aminoacids","[(2-Fluorophenyl)carbonylamino]methyl-Trihydroxy-Boron",NA,"COc1cc2ccnc3c2c(c1O)NC=C3","[B-](CNC(=O)C1=CC=CC=C1F)(O)(O)O",NA,NA,NA,NA,"XUBVCJMVRGITPS","InChI=1S/C12H10N2O2/c1-16-9-6-7-2-4-13-8-3-5-14-11(10(7)8)12(9)15/h2-6,14-15H,1H3","XUBVCJMVRGITPS-UHFFFAOYSA-N","InChI=1S/C8H10BFNO4/c10-7-4-2-1-3-6(7)8(12)11-5-9(13,14)15/h1-4,13-15H,5H2,(H,11,12)/q-1","GSERMWXQEOLTTB"
"43_207.05_0.5",43,207.050650057253,0.48142168,0.0032898756571562,2.48282051616292,1.62954427751078,0.704468553105853,NA,NA,NA,NA,NA,NA,NA,NA,NA,NA,NA,NA,NA,NA,NA,NA
"239_384.12_1.8",239,384.115067012285,1.7774711,0.00330681932610908,2.48058953288109,1.64758743971947,0.72035503306468,"Carbohydrates","Nucleosides","Purine nucleos(t)ides","Succinoadenosine",NA,"O=C(O)C[C@H](Nc1ncnc2c1ncn2[C@@H]1O[C@H](CO)[C@@H](O)[C@H]1O)C(=O)O","C1=NC(=C2C(=N1)N(C=N2)C3C(C(C(O3)CO)O)O)NC(CC(=O)O)C(=O)O",NA,NA,NA,NA,"VKGZCEJTCKHMRL","InChI=1S/C14H17N5O8/c20-2-6-9(23)10(24)13(27-6)19-4-17-8-11(15-3-16-12(8)19)18-5(14(25)26)1-7(21)22/h3-6,9-10,13,20,23-24H,1-2H2,(H,21,22)(H,25,26)(H,15,16,18)/t5-,6+,9+,10+,13+/m0/s1","VKGZCEJTCKHMRL-VWJPMABRSA-N","InChI=1S/C14H17N5O8/c20-2-6-9(23)10(24)13(27-6)19-4-17-8-11(15-3-16-12(8)19)18-5(14(25)26)1-7(21)22/h3-6,9-10,13,20,23-24H,1-2H2,(H,21,22)(H,25,26)(H,15,16,18)","VKGZCEJTCKHMRL"
"111_258.11_0.6",111,258.11023739388,0.58061004,0.00352329588356981,2.45305088358407,1.58773341068647,0.666968696254413,"Fatty acids","Glycerophospholipids","Glycerophosphocholines","Gliatilin (TN)","C[N+](C)(C)CCOP(=O)([O-])OC[C@H](CO)O",NA,"C[N+](C)(C)CCOP(=O)(O)OCC(CO)O","\"\"InChI=1S/C8H20NO6P/c1-9(2,3)4-5-14-16(12,13)15-7-8(11)6-10/h8,10-11H,4-7H2,1-3H3/t8-/m0/s1\"\"",NA,"SUHOQUVVVLNYQR-QMMMGPOBSA-N","SUHOQUVVVLNYQR",NA,NA,NA,"InChI=1S/C8H20NO6P/c1-9(2,3)4-5-14-16(12,13)15-7-8(11)6-10/h8,10-11H,4-7H2,1-3H3/p+1","SUHOQUVVVLNYQR"
"358_304.18_5.9",358,304.175468905401,5.855591,0.00364090118152697,2.43879110818496,0.654797263780176,-0.610879801693222,"Carbohydrates","Peptide alkaloids","Simple amide alkaloids","null",NA,NA,"CCC1CCC(C(N1)COC2C(C(C(C(O2)CO)O)O)O)O",NA,NA,NA,NA,NA,NA,NA,"InChI=1S/C14H27NO7/c1-2-7-3-4-9(17)8(15-7)6-21-14-13(20)12(19)11(18)10(5-16)22-14/h7-20H,2-6H2,1H3","NIFSXMTZZIQERU"
"283_401.11_2.8",283,401.114255856646,2.838758,0.00367494335661964,2.43474935048376,1.66841136544179,0.738475045205195,"Fatty acids","Fatty esters","Fatty acyl CoAs","S-Acetylphosphopantetheine",NA,NA,"CC(=O)SCCNC(=O)CCNC(=O)C(C(C)(C)COP(=O)(O)O)O",NA,NA,NA,NA,NA,NA,NA,"InChI=1S/C13H25N2O8PS/c1-9(16)25-7-6-14-10(17)4-5-15-12(19)11(18)13(2,3)8-23-24(20,21)22/h11,18H,4-8H2,1-3H3,(H,14,17)(H,15,19)(H2,20,21,22)","AJFWMDFTVVFMHY"
"154_308.09_0.8",154,308.09146916855,0.750326,0.00371554687525165,2.42997725527499,1.63680297916408,0.710880676064238,"Amino acids and Peptides","Small peptides","Tripeptides","Glutinal","N[C@@H](CCC(=O)N[C@@H](CS)C(=O)NCC(O)=O)C(O)=O","N[C@@H](CCC(=O)N[C@@H](CS)C(=O)NCC(=O)O)C(=O)O","C(CC(=O)NC(CS)C(=O)NCC(=O)O)C(C(=O)O)N","\"\"InChI=1S/C10H17N3O6S/c11-5(10(18)19)1-2-7(14)13-6(4-20)9(17)12-3-8(15)16/h5-6,20H,1-4,11H2,(H,12,17)(H,13,14)(H,15,16)(H,18,19)/t5-,6-/m0/s1\"\"",NA,"RWSXRVCMGQZWBV-WDSKDSINSA-N","RWSXRVCMGQZWBV","RWSXRVCMGQZWBV","InChI=1S/C10H17N3O6S/c11-5(10(18)19)1-2-7(14)13-6(4-20)9(17)12-3-8(15)16/h5-6,20H,1-4,11H2,(H,12,17)(H,13,14)(H,15,16)(H,18,19)/t5-,6-/m0/s1","RWSXRVCMGQZWBV-WDSKDSINSA-N","InChI=1S/C10H17N3O6S/c11-5(10(18)19)1-2-7(14)13-6(4-20)9(17)12-3-8(15)16/h5-6,20H,1-4,11H2,(H,12,17)(H,13,14)(H,15,16)(H,18,19)","RWSXRVCMGQZWBV"
"67_251.03_0.5",67,251.030667922057,0.49561727,0.00382018676079792,2.41791540483664,1.63086448192072,0.705636905051761,"Alkaloids","Anthranilic acid alkaloids","Isocoumarins","N''-[(3-methyl-2-thienyl)methylene]-2-thiophenecarbohydrazide",NA,NA,"CC1=C(SC=C1)C=NNC(=O)C2=CC=CS2",NA,NA,NA,NA,NA,NA,NA,"InChI=1S/C11H10N2OS2/c1-8-4-6-16-10(8)7-12-13-11(14)9-3-2-5-15-9/h2-7H,1H3,(H,13,14)","FJLQPCRQLSAFGY"
"135_189.12_0.7",135,189.123440035802,0.661932,0.00386733771684606,2.41258790132788,1.61214130864235,0.688978205616884,"Amino acids and Peptides","Small peptides","Dipeptides","bmse000353","CC(=O)N[C@@H](CCCCN)C(=O)O",NA,"CC(=O)NCCCCC(C(=O)O)N","InChI=1S/C8H16N2O3/c1-6(11)10-7(8(12)13)4-2-3-5-9/h7H,2-5,9H2,1H3,(H,10,11)(H,12,13)/t7-/m0/s1",NA,"VEYYWZRYIYDQJM-ZETCQYMHSA-N","VEYYWZRYIYDQJM",NA,NA,NA,"InChI=1S/C8H16N2O3/c1-6(11)10-5-3-2-4-7(9)8(12)13/h7H,2-5,9H2,1H3,(H,10,11)(H,12,13)","DTERQYGMUDWYAZ"
"45_475.07_0.5",45,475.073371415522,0.48239952,0.00404038521520671,2.39357722675493,1.56632586802541,0.647384390966549,"Carbohydrates","Saccharides","Acyclic monoterpenoids","null",NA,NA,"CCCC(=O)OC(COC(=O)C)COP(=O)(O)OCC(COP(=O)(O)OC)O",NA,NA,NA,NA,NA,NA,NA,"InChI=1S/C13H26O13P2/c1-4-5-13(16)26-12(8-22-10(2)14)9-25-28(19,20)24-7-11(15)6-23-27(17,18)21-3/h11-12,15H,4-9H2,1-3H3,(H,17,18)(H,19,20)","SXVMEGRESKCXKX"
"55_306.99_0.5",55,306.985838806547,0.4901592,0.0040924250794841,2.38801926252432,1.59410370338982,0.672745485978101,NA,NA,NA,NA,NA,NA,NA,NA,NA,NA,NA,NA,NA,NA,NA,NA
"373_426.26_6.4",373,426.261528791644,6.3969154,0.00417172206205612,2.37968463383521,1.63549207303021,0.709724766924378,"Fatty acids","Glycerophospholipids","Glycerophosphoethanolamines","Lysophosphatidylethanolamine(14:0/0:0)",NA,NA,"CCCCCCCCCCCCCC(=O)OCC(COP(=O)(O)OCCN)O",NA,NA,NA,NA,"DDUZNLUWXLYPCP","nan","nan","InChI=1S/C19H40NO7P/c1-2-3-4-5-6-7-8-9-10-11-12-13-19(22)25-16-18(21)17-27-28(23,24)26-15-14-20/h18,21H,2-17,20H2,1H3,(H,23,24)","RPXHXZNGZBHSMJ"
"95_277_0.6",95,276.998631478388,0.5672853,0.00438125141730311,2.35840182419812,1.62985875975432,0.70474694885466,"Amino acids and Peptides","Small peptides","Aminoacids","erythro-imidazole-glycerol-P","C(CCNC(CCC(=O)O)C(=O)O)CC(C(=O)O)N","O=P(O)(O)OC[C@@H](O)[C@@H](O)c1cnc[nH]1","C1=C(NC=N1)C(C(COP(=O)(O)O)O)O","1/C11H20N2O6/c12-7(10(16)17)3-1-2-6-13-8(11(18)19)4-5-9(14)15/h7-8,13H,1-6,12H2,(H,14,15)(H,16,17)(H,18,19)/t7-,8-/m0/s1/f/h14,16,18H",NA,"ZDGJAHTZVHVLOT-UHFFFAOYSA-N","ZDGJAHTZVHVLOT","HFYBTHCYPKEDQQ","InChI=1S/C6H11N2O6P/c9-5(2-14-15(11,12)13)6(10)4-1-7-3-8-4/h1,3,5-6,9-10H,2H2,(H,7,8)(H2,11,12,13)/t5-,6+/m1/s1","HFYBTHCYPKEDQQ-RITPCOANSA-N","InChI=1S/C6H11N2O6P/c9-5(2-14-15(11,12)13)6(10)4-1-7-3-8-4/h1,3,5-6,9-10H,2H2,(H,7,8)(H2,11,12,13)","HFYBTHCYPKEDQQ"
"90_156.08_0.6",90,156.076827807598,0.55431694,0.00465754814426152,2.33184264718233,1.53040970966378,0.613917931984943,"Amino acids and Peptides","Small peptides","Aminoacids","histidin","C1=C(NC=N1)CC(C(=O)O)N","NC(Cc1cnc[nH]1)C(=O)O","C1=C(NC=N1)CC(C(=O)O)N","InChI=1S/C6H9N3O2/c7-5(6(10)11)1-4-2-8-3-9-4/h2-3,5H,1,7H2,(H,8,9)(H,10,11)",NA,"HNDVDQJCIGZPNO-UHFFFAOYSA-N","HNDVDQJCIGZPNO","HNDVDQJCIGZPNO","InChI=1S/C6H9N3O2/c7-5(6(10)11)1-4-2-8-3-9-4/h2-3,5H,1,7H2,(H,8,9)(H,10,11)","HNDVDQJCIGZPNO-UHFFFAOYSA-N","InChI=1S/C6H9N3O2/c7-5(6(10)11)1-4-2-8-3-9-4/h2-3,5H,1,7H2,(H,8,9)(H,10,11)","HNDVDQJCIGZPNO"
"227_209.13_1.5",227,209.128628658736,1.483293,0.00496558029550208,2.30402999099379,1.60394604269088,0.681625609840449,"Amino acids and Peptides","Peptide alkaloids","Pyrazine and Piperazine alkaloids","Pilocarpic acid",NA,"CC[C@@H]1C(=O)OC[C@@H]1Cc1cncn1C","CCC(C(CC1=CN=CN1C)CO)C(=O)O",NA,NA,NA,NA,"QCHFTSOMWOSFHM","InChI=1S/C11H16N2O2/c1-3-10-8(6-15-11(10)14)4-9-5-12-7-13(9)2/h5,7-8,10H,3-4,6H2,1-2H3/t8-,10-/m0/s1","QCHFTSOMWOSFHM-WPRPVWTQSA-N","InChI=1S/C11H18N2O3/c1-3-10(11(15)16)8(6-14)4-9-5-12-7-13(9)2/h5,7-8,10,14H,3-4,6H2,1-2H3,(H,15,16)","WJRPDGADPABWOY"
"123_198.1_0.6",123,198.097239700699,0.6121948,0.00521101684008445,2.28307752335139,1.48022973714972,0.565821104857517,"Terpenoids","Monoterpenoids","Pinane monoterpenoids","3-Fluoro-5-Isopropoxybenzeneboronic Acid","C1[C@H]([C@H]([C@@H](C(O1)(CO)O)O)O)O",NA,"B(C1=CC(=CC(=C1)F)OC(C)C)(O)O","InChI=1S/C6H12O6/c7-2-6(11)5(10)4(9)3(8)1-12-6/h3-5,7-11H,1-2H2/t3-,4-,5+,6?/m1/s1",NA,"LKDRXBCSQODPBY-VRPWFDPXSA-N","LKDRXBCSQODPBY",NA,NA,NA,"InChI=1S/C9H12BFO3/c1-6(2)14-9-4-7(10(12)13)3-8(11)5-9/h3-6,12-13H,1-2H3","HJJYROZZJOJOOW"
"24_147.12_0.4",24,147.122484057343,0.44207144,0.00527061638419917,2.27813859226319,1.62173150428275,0.697534985089291,"Amino acids and Peptides","Small peptides","Aminoacids",NA,NA,NA,NA,NA,NA,NA,NA,NA,NA,NA,NA,NA
"112_239.04_0.6",112,239.042835780754,0.58153385,0.00540403513488936,2.26728183603066,1.58237974346186,0.662095862937303,"Alkaloids","Histidine alkaloids","Imidazole alkaloids","(5R,6R,7S,8S)-5,6,7,8-Tetrahydro-5-hydroxymethyl-imidazo[1,2-a]pyridine-6,7,8-triol",NA,"O=P(O)(O)OC[C@@H](O)[C@@H](O)c1cnc[nH]1","C1=CN2C(C(C(C(C2=N1)O)O)O)CO",NA,NA,NA,NA,"HFYBTHCYPKEDQQ","InChI=1S/C6H11N2O6P/c9-5(2-14-15(11,12)13)6(10)4-1-7-3-8-4/h1,3,5-6,9-10H,2H2,(H,7,8)(H2,11,12,13)/t5-,6+/m1/s1","HFYBTHCYPKEDQQ-RITPCOANSA-N","InChI=1S/C8H12N2O4/c11-3-4-5(12)6(13)7(14)8-9-1-2-10(4)8/h1-2,4-7,11-14H,3H2","RZRDQZQPTISYKY"
"102_292.2_0.6",102,292.197926975585,0.5710357,0.00553706287539305,2.2567205448859,0.672583336606105,-0.572215058653754,"Amino acids and Peptides","Small peptides","Dipeptides",NA,NA,NA,NA,NA,NA,NA,NA,NA,NA,NA,NA,NA
"118_144.05_0.6",118,144.047868812794,0.60335463,0.00575497711925988,2.23995639870646,1.57678750126223,0.656988245713684,"Alkaloids","Serine alkaloids","Thiazole alkaloids","sulfurol",NA,NA,"CC1=C(SC=N1)CCO",NA,NA,NA,NA,NA,NA,NA,"InChI=1S/C6H9NOS/c1-5-6(2-3-8)9-4-7-5/h4,8H,2-3H2,1H3","BKAWJIRCKVUVED"
"69_196.05_0.5",69,196.048317543142,0.4976328,0.00649332990137428,2.1875325317173,1.58389844896935,0.663479840553356,NA,NA,NA,NA,NA,NA,NA,NA,NA,NA,NA,NA,NA,NA,NA,NA
"114_217.13_0.6",114,217.129604757584,0.59223574,0.00667608134315801,2.1754783804006,1.59621368763242,0.674653800339265,"Amino acids and Peptides","Small peptides","Dipeptides","acetylarginine",NA,"CC(=O)N[C@@H](CCCNC(=N)N)C(=O)O","CC(=O)NC(CCCN=C(N)N)C(=O)O",NA,NA,NA,NA,"SNEIUMQYRCDYCH","InChI=1S/C8H16N4O3/c1-5(13)12-6(7(14)15)3-2-4-11-8(9)10/h6H,2-4H2,1H3,(H,12,13)(H,14,15)(H4,9,10,11)/t6-/m0/s1","SNEIUMQYRCDYCH-LURJTMIESA-N","InChI=1S/C8H16N4O3/c1-5(13)12-6(7(14)15)3-2-4-11-8(9)10/h6H,2-4H2,1H3,(H,12,13)(H,14,15)(H4,9,10,11)","SNEIUMQYRCDYCH"
"148_298.99_0.7",148,298.993202549004,0.69696987,0.00685218781740916,2.16417074159875,1.61492009590789,0.691462784058971,"Carbohydrates","Saccharides","Monosaccharides","bmse000016",NA,NA,"C(C1C(C(C(C(O1)O)O)O)O)OP(=O)(O)O",NA,NA,NA,NA,NA,NA,NA,"InChI=1S/C6H13O9P/c7-3-2(1-14-16(11,12)13)15-6(10)5(9)4(3)8/h2-10H,1H2,(H2,11,12,13)","NBSCHQHZLSJFNQ"
"48_223.02_0.5",48,223.024528402589,0.48819247,0.00734445584992294,2.13404037552112,1.5965932669415,0.674996832158729,NA,NA,NA,NA,NA,NA,NA,NA,NA,NA,NA,NA,NA,NA,NA,NA
"30_129.1_0.4",30,129.102504430536,0.4473155,0.00747607159334928,2.12632654832482,1.59137018436681,0.670269474278981,"Amino acids and Peptides","Small peptides","Aminoacids","lysinium",NA,NA,"C(CCN)CC(C(=O)O)N",NA,NA,NA,NA,NA,NA,NA,"InChI=1S/C6H14N2O2/c7-4-2-1-3-5(8)6(9)10/h5H,1-4,7-8H2,(H,9,10)","KDXKERNSBIXSRK"
"33_148.11_0.5",33,148.109906396487,0.45132676,0.00755458613033417,2.12178932301727,1.58989071243019,0.668927599438019,NA,NA,NA,NA,"C(CC(=O)O)C(C(=O)O)N",NA,NA,"InChI=1S/C5H9NO4/c6-3(5(9)10)1-2-4(7)8/h3H,1-2,6H2,(H,7,8)(H,9,10)",NA,"WHUUTDBJXJRKMK-UHFFFAOYSA-N","WHUUTDBJXJRKMK",NA,NA,NA,NA,NA
"113_381.08_0.6",113,381.079346659918,0.58925194,0.0079645746161531,2.09883741468906,1.61402037446651,0.690658790484506,NA,NA,NA,NA,NA,NA,NA,NA,NA,NA,NA,NA,NA,NA,NA,NA
"110_309.14_0.6",110,309.13795403108,0.57984585,0.00816548684049979,2.08801791676448,1.50682728275956,0.591514060209455,"Alkaloids","Nicotinic acid alkaloids","Pyridine alkaloids","null",NA,NA,"CCS(=O)(=O)N1CCC2=CN=C(N=C2C1)NC3CCOCC3",NA,NA,NA,NA,NA,NA,NA,"InChI=1S/C14H22N4O3S/c1-2-22(19,20)18-6-3-11-9-15-14(17-13(11)10-18)16-12-4-7-21-8-5-12/h9,12H,2-8,10H2,1H3,(H,15,16,17)","IYULUKZVVYXBLY"
"107_399.14_0.6",107,399.144736891685,0.57580495,0.00845823271454722,2.07272037011684,1.58259919843651,0.662295931632835,"Carbohydrates","Nucleosides","Purine nucleos(t)ides","Donamet","C[S+](C[C@H]1O[C@@H](N2C=NC3=C(N=CN=C23)N)[C@@H]([C@@H]1O)O)CC[C@@H](C([O-])=O)N",NA,"C[S+](CCC(C(=O)O)N)CC1C(C(C(O1)N2C=NC3=C(N=CN=C32)N)O)O","\"\"InChI=1S/C15H22N6O5S/c1-27(3-2-7(16)15(24)25)4-8-10(22)11(23)14(26-8)21-6-20-9-12(17)18-5-19-13(9)21/h5-8,10-11,14,22-23H,2-4,16H2,1H3,(H2-,17,18,19,24,25)/t7-,8+,10+,11+,14+,27?/m0/s1\"\"",NA,"MEFKEPWMEQBLKI-AIRLBKTGSA-N","MEFKEPWMEQBLKI",NA,NA,NA,"InChI=1S/C15H22N6O5S/c1-27(3-2-7(16)15(24)25)4-8-10(22)11(23)14(26-8)21-6-20-9-12(17)18-5-19-13(9)21/h5-8,10-11,14,22-23H,2-4,16H2,1H3,(H2-,17,18,19,24,25)/p+1","MEFKEPWMEQBLKI"
"121_173.09_0.6",121,173.09223414031,0.60597533,0.00849230500780253,2.0709744161986,1.57549936899101,0.655809176536526,"Amino acids and Peptides","Small peptides","Dipeptides","bmse000588",NA,"NCC(=O)CCC(=O)O","C1CC(N(C1)C(=O)CN)C(=O)O",NA,NA,NA,NA,"ZGXJTSGNIOSYLO","InChI=1S/C5H9NO3/c6-3-4(7)1-2-5(8)9/h1-3,6H2,(H,8,9)","ZGXJTSGNIOSYLO-UHFFFAOYSA-N","InChI=1S/C7H12N2O3/c8-4-6(10)9-3-1-2-5(9)7(11)12/h5H,1-4,8H2,(H,11,12)","KZNQNBZMBZJQJO"
"134_664.12_0.7",134,664.116896785118,0.6612634,0.0086015874797075,2.06542138944789,1.55156676896602,0.633725782063858,"Carbohydrates","Nucleosides","Purine nucleos(t)ides","beta-NAD","O=P([O-])(OP(O)(OCC1C(O)C(O)C(N2C=NC3=C2N=CN=C3N)O1)=O)OCC(O4)C(O)C(O)C4[N+]5=CC=CC(C(N)=O)=C5","NC(=O)c1ccc[n+]([C@@H]2O[C@H](COP(=O)(O)OP(=O)(O)OC[C@H]3O[C@@H](n4cnc5c(N)ncnc54)[C@H](O)[C@@H]3O)[C@@H](O)[C@H]2O)c1","C1=CC(=C[N+](=C1)C2C(C(C(O2)COP(=O)(O)OP(=O)(O)OCC3C(C(C(O3)N4C=NC5=C(N=CN=C54)N)O)O)O)O)C(=O)N","InChI=1S/C21H27N7O14P2/c22-17-12-19(25-7-24-17)28(8-26-12)21-16(32)14(30)11(41-21)6-39-44(36,37)42-43(34,35)38-5-10-13(29)15(31)20(40-10)27-3-1-2-9(4-27)18(23)33/h1-4,7-8,10-11,13-16,20-21,29-32H,5-6H2,(H5-,22,23,24,25,33,34,35,36,37)",NA,"BAWFJGJZGIEFAR-UHFFFAOYSA-N","BAWFJGJZGIEFAR","BAWFJGJZGIEFAR","InChI=1S/C21H27N7O14P2/c22-17-12-19(25-7-24-17)28(8-26-12)21-16(32)14(30)11(41-21)6-39-44(36,37)42-43(34,35)38-5-10-13(29)15(31)20(40-10)27-3-1-2-9(4-27)18(23)33/h1-4,7-8,10-11,13-16,20-21,29-32H,5-6H2,(H5-,22,23,24,25,33,34,35,36,37)/p+1/t10-,11-,13-,14-,15-,16-,20-,21-/m1/s1","BAWFJGJZGIEFAR-NNYOXOHSSA-O","InChI=1S/C21H27N7O14P2/c22-17-12-19(25-7-24-17)28(8-26-12)21-16(32)14(30)11(41-21)6-39-44(36,37)42-43(34,35)38-5-10-13(29)15(31)20(40-10)27-3-1-2-9(4-27)18(23)33/h1-4,7-8,10-11,13-16,20-21,29-32H,5-6H2,(H5-,22,23,24,25,33,34,35,36,37)/p+1","BAWFJGJZGIEFAR"
"130_170.08_0.6",130,170.081243593018,0.64966714,0.00868067261578452,2.06144662251864,1.51635722973095,0.600609669636719,"Alkaloids","Nicotinic acid alkaloids","Pyridine alkaloids","Adermine",NA,NA,"CC1=NC=C(C(=C1O)CO)CO",NA,NA,NA,NA,NA,NA,NA,"InChI=1S/C8H11NO3/c1-5-8(12)7(4-11)6(3-10)2-9-5/h2,10-12H,3-4H2,1H3","LXNHXLLTXMVWPM"
"304_243.09_3.6",304,243.087741049311,3.615068,0.00870972523416462,2.05999554547091,1.57152648200002,0.652166583385915,"Alkaloids","Anthranilic acid alkaloids","pteridine alkaloids","flavins","Cc1cc2nc3nc(O)nc(O)c3nc2cc1C",NA,"CC1=CC2=C(C=C1C)N=C3C(=N2)C(=O)NC(=O)N3","\"\"InChI=1S/C12H10N4O2/c1-5-3-7-8(4-6(5)2)14-10-9(13-7)11(17)16-12(18)15-10/h3-4H,1-2H3,(H2,14,15,16,17,18)\"\"",NA,"ZJTJUVIJVLLGSP-UHFFFAOYSA-N","ZJTJUVIJVLLGSP",NA,NA,NA,"InChI=1S/C12H10N4O2/c1-5-3-7-8(4-6(5)2)14-10-9(13-7)11(17)16-12(18)15-10/h3-4H,1-2H3,(H2,14,15,16,17,18)","ZJTJUVIJVLLGSP"
"230_166.09_1.5",230,166.086440549731,1.505634,0.00880953892376713,2.05504682122516,1.57928862246434,0.659274854634931,"Amino acids and Peptides","Small peptides","Aminoacids","Sabiden","C1=CC=C(C=C1)C[C@@H](C(=O)O)N","NC(Cc1ccccc1)C(=O)O","C1=CC=C(C=C1)CC(C(=O)O)N","\"\"InChI=1S/C9H11NO2/c10-8(9(11)12)6-7-4-2-1-3-5-7/h1-5,8H,6,10H2,(H,11,12)/t8-/m0/s1\"\"",NA,"COLNVLDHVKWLRT-QMMMGPOBSA-N","COLNVLDHVKWLRT","COLNVLDHVKWLRT","InChI=1S/C9H11NO2/c10-8(9(11)12)6-7-4-2-1-3-5-7/h1-5,8H,6,10H2,(H,11,12)","COLNVLDHVKWLRT-UHFFFAOYSA-N","InChI=1S/C9H11NO2/c10-8(9(11)12)6-7-4-2-1-3-5-7/h1-5,8H,6,10H2,(H,11,12)","COLNVLDHVKWLRT"
"26_130.09_0.4",26,130.08646019119,0.44680312,0.00908957304390037,2.04145651601158,1.588493956436,0.667659601202552,"Amino acids and Peptides","Small peptides","Aminoacids","l-homopro","C1CCN[C@@H](C1)C(=O)O","O=C(O)C1CCCCN1","C1CCNC(C1)C(=O)O","\"\"InChI=1S/C6H11NO2/c8-6(9)5-3-1-2-4-7-5/h5,7H,1-4H2,(H,8,9)/t5-/m0/s1\"\"",NA,"HXEACLLIILLPRG-YFKPBYRVSA-N","HXEACLLIILLPRG","HXEACLLIILLPRG","InChI=1S/C6H11NO2/c8-6(9)5-3-1-2-4-7-5/h5,7H,1-4H2,(H,8,9)","HXEACLLIILLPRG-UHFFFAOYSA-N","InChI=1S/C6H11NO2/c8-6(9)5-3-1-2-4-7-5/h5,7H,1-4H2,(H,8,9)","HXEACLLIILLPRG"
"229_120.08_1.5",229,120.081112360189,1.5049064,0.00927006539369439,2.03291720220713,1.58736592613536,0.666634742519036,"Alkaloids","Tyrosine alkaloids","Phenylethylamines","bmse000307",NA,NA,"C1=CC=C(C=C1)C(CN)O",NA,NA,NA,NA,NA,NA,NA,"InChI=1S/C8H11NO/c9-6-8(10)7-4-2-1-3-5-7/h1-5,8,10H,6,9H2","ULSIYEODSMZIPX"
"162_307.08_0.8",162,307.083420007576,0.76755375,0.00936597826797707,2.02844685425291,1.5643152735663,0.645531304060065,"Amino acids and Peptides","Small peptides","Dipeptides","4-(2-butanoylhydrazinyl)-4-oxo-N-(1,3-thiazol-2-yl)butanamide","N[C@@H](CCC(O)=N[C@@H](CS)C(O)=NCC(=O)O)C(=O)O",NA,"CCCC(=O)NNC(=O)CCC(=O)NC1=NC=CS1","InChI=1S/C10H17N3O6S/c11-5(10(18)19)1-2-7(14)13-6(4-20)9(17)12-3-8(15)16/h5-6,20H,1-4,11H2,(H,12,17)(H,13,14)(H,15,16)(H,18,19)/t5-,6-/m0/s1",NA,"RWSXRVCMGQZWBV-WDSKDSINSA-N","RWSXRVCMGQZWBV",NA,NA,NA,"InChI=1S/C11H16N4O3S/c1-2-3-9(17)14-15-10(18)5-4-8(16)13-11-12-6-7-19-11/h6-7H,2-5H2,1H3,(H,14,17)(H,15,18)(H,12,13,16)","SBFHXVFJPLELFD"
"262_239.15_2.1",262,239.149057962393,2.1098678,0.00942032767174744,2.02593399067243,1.49894017149568,0.583942800891486,"Fatty acids","Glycerolipids","Monoacylglycerols","Pentaglycol",NA,NA,"C(COCCOCCOCCOCCO)O",NA,NA,NA,NA,NA,NA,NA,"InChI=1S/C10H22O6/c11-1-3-13-5-7-15-9-10-16-8-6-14-4-2-12/h11-12H,1-10H2","JLFNLZLINWHATN"
"443_427.32_8.9",443,427.320992882668,8.909631,0.00947129587663113,2.02359059612161,1.5777174472792,0.657838856866762,"Terpenoids","Triterpenoids","Lanostane, Tirucallane and Euphane triterpenoids","null",NA,NA,"CC(C=CC(C)(C(C)(C)O)O)C1CCC2C1(CCCC2=CC=C3C(C(CCC3=C)O)O)C",NA,NA,NA,NA,NA,NA,NA,"InChI=1S/C28H44O4/c1-18-9-14-24(29)25(30)21(18)11-10-20-8-7-16-27(5)22(12-13-23(20)27)19(2)15-17-28(6,32)26(3,4)31/h10-11,15,17,19,22-25,29-32H,1,7-9,12-14,16H2,2-6H3","DTCMIYFEJWTWML"
"80_175.12_0.5",80,175.119058210503,0.5431653,0.00956854787690859,2.01915396576515,1.42786732454583,0.513861932369609,"Amino acids and Peptides","Small peptides","Aminoacids","arginine","C(C[C@@H](C(=O)O)N)CN=C(N)N","NC(N)=NCCCC(N)C(=O)O","C(CC(C(=O)O)N)CN=C(N)N","InChI=1S/C6H14N4O2/c7-4(5(11)12)2-1-3-10-6(8)9/h4H,1-3,7H2,(H,11,12)(H4,8,9,10)/t4-/m0/s1",NA,"ODKSFYDXXFIFQN-BYPYZUCNSA-N","ODKSFYDXXFIFQN","ODKSFYDXXFIFQN","InChI=1S/C6H14N4O2/c7-4(5(11)12)2-1-3-10-6(8)9/h4H,1-3,7H2,(H,11,12)(H4,8,9,10)","ODKSFYDXXFIFQN-UHFFFAOYSA-N","InChI=1S/C6H14N4O2/c7-4(5(11)12)2-1-3-10-6(8)9/h4H,1-3,7H2,(H,11,12)(H4,8,9,10)","ODKSFYDXXFIFQN"
"237_229.15_1.7",237,229.15483959829,1.6674097,0.00998383195230676,2.00070273763762,1.56069353813454,0.642187273754204,"Amino acids and Peptides","Small peptides","Dipeptides","Isoleucylproline",NA,NA,"CCC(C)C(C(=O)N1CCCC1C(=O)O)N",NA,NA,NA,NA,NA,NA,NA,"InChI=1S/C11H20N2O3/c1-3-7(2)9(12)10(14)13-6-4-5-8(13)11(15)16/h7-9H,3-6,12H2,1-2H3,(H,15,16)","BBIXOODYWPFNDT"
"395_454.29_7",395,454.292995721185,7.0396805,0.00999860224760862,2.00006070785789,1.57496394939794,0.655318805996643,"Fatty acids","Glycerophospholipids","Glycerophosphoethanolamines","1-16:0-lysoPE",NA,"CCCCCCCCCCCCCCCC(=O)OC[C@@H](O)COP(=O)(O)OCCN","CCCCCCCCCCCCCCCC(=O)OCC(COP(=O)(O)OCCN)O",NA,NA,NA,NA,"YVYMBNSKXOXSKW","InChI=1S/C21H44NO7P/c1-2-3-4-5-6-7-8-9-10-11-12-13-14-15-21(24)27-18-20(23)19-29-30(25,26)28-17-16-22/h20,23H,2-19,22H2,1H3,(H,25,26)/t20-/m1/s1","YVYMBNSKXOXSKW-HXUWFJFHSA-N","InChI=1S/C21H44NO7P/c1-2-3-4-5-6-7-8-9-10-11-12-13-14-15-21(24)27-18-20(23)19-29-30(25,26)28-17-16-22/h20,23H,2-19,22H2,1H3,(H,25,26)","YVYMBNSKXOXSKW"
"260_256.18_2.1",260,256.175572093476,2.105808,0.0103784752378812,1.98386644652759,1.50382314830311,0.588634914044756,"Terpenoids","Monoterpenoids","Pinane monoterpenoids","2,9,9-trimethyl-4-phenyl-3,5-dioxa-4-boratricyclo[6.1.1.0~2,6~]decane",NA,NA,"B1(OC2CC3CC(C3(C)C)C2(O1)C)C4=CC=CC=C4",NA,NA,NA,NA,NA,NA,NA,"InChI=1S/C16H21BO2/c1-15(2)11-9-13(15)16(3)14(10-11)18-17(19-16)12-7-5-4-6-8-12/h4-8,11,13-14H,9-10H2,1-3H3","OZQWJKOXOILFRR"
"31_147.11_0.4",31,147.112904147316,0.448894,0.0103924532088084,1.98328192219361,1.57444427410701,0.65484269561736,"Amino acids and Peptides","Small peptides","Aminoacids","lysinium","C(CCN)CC(C(=O)O)N","O=C(O)C1CCCCN1|NCCCCC(N)C(=O)O","C(CCN)CC(C(=O)O)N","1S/C6H14N2O2/c7-4-2-1-3-5(8)6(9)10/h5H,1-4,7-8H2,(H,9,10)",NA,"KDXKERNSBIXSRK-UHFFFAOYSA-N","KDXKERNSBIXSRK","HXEACLLIILLPRG|KDXKERNSBIXSRK","InChI=1S/C6H11NO2/c8-6(9)5-3-1-2-4-7-5/h5,7H,1-4H2,(H,8,9)|InChI=1S/C6H14N2O2/c7-4-2-1-3-5(8)6(9)10/h5H,1-4,7-8H2,(H,9,10)","HXEACLLIILLPRG-UHFFFAOYSA-N|KDXKERNSBIXSRK-UHFFFAOYSA-N","InChI=1S/C6H14N2O2/c7-4-2-1-3-5(8)6(9)10/h5H,1-4,7-8H2,(H,9,10)","KDXKERNSBIXSRK"
"77_141.07_0.5",77,141.06594413898,0.53111553,0.0105153474098846,1.97817637436107,1.54207923808024,0.624876898487931,"Alkaloids","Nicotinic acid alkaloids","Pyridine alkaloids","ACMC-20dntv",NA,"O=C(O)c1ccccn1|O=C(O)c1cccnc1","CN1C=CN=C1CC(=O)O",NA,NA,NA,NA,"SIOXPEMLGUPBBT|PVNIIMVLHYAWGP","InChI=1S/C6H5NO2/c8-6(9)5-3-1-2-4-7-5/h1-4H,(H,8,9)|InChI=1S/C6H5NO2/c8-6(9)5-2-1-3-7-4-5/h1-4H,(H,8,9)","SIOXPEMLGUPBBT-UHFFFAOYSA-N|PVNIIMVLHYAWGP-UHFFFAOYSA-N","InChI=1S/C6H8N2O2/c1-8-3-2-7-5(8)4-6(9)10/h2-3H,4H2,1H3,(H,9,10)","MGIKMFCKRKDEIK"
"245_217.1_1.8",245,217.104979508454,1.8323833,0.0105603721354596,1.97632077749075,1.4594026275338,0.545377956328071,"Alkaloids","Lysine alkaloids","Piperidine alkaloids","2-Propanone, (6-ethoxy-3-pyridazinyl)hydrazone",NA,NA,"CCOC1=NN=C(C=C1)NN=C(C)C",NA,NA,NA,NA,NA,NA,NA,"InChI=1S/C9H14N4O/c1-4-14-9-6-5-8(12-13-9)11-10-7(2)3/h5-6H,4H2,1-3H3,(H,11,12)","BECKZSBQHJDWGO"
"78_159.08_0.5",78,159.076472506333,0.5322659,0.0108219333894804,1.96569514353873,1.5424202415589,0.625195889645392,"Amino acids and Peptides","Histidine alkaloids","Imidazole alkaloids","1,2,3-Propanetriol, 1-(1H-imidazol-4-yl)-",NA,"CC(=O)NCC(=O)O|O=C(O)Cc1cnc[nH]1","C1=C(NC=N1)C(C(CO)O)O",NA,NA,NA,NA,"OKJIRPAQVSHGFK|PRJKNHOMHKJCEJ","InChI=1S/C4H7NO3/c1-3(6)5-2-4(7)8/h2H2,1H3,(H,5,6)(H,7,8)|InChI=1S/C5H6N2O2/c8-5(9)1-4-2-6-3-7-4/h2-3H,1H2,(H,6,7)(H,8,9)","OKJIRPAQVSHGFK-UHFFFAOYSA-N|PRJKNHOMHKJCEJ-UHFFFAOYSA-N","InChI=1S/C6H10N2O3/c9-2-5(10)6(11)4-1-7-3-8-4/h1,3,5-6,9-11H,2H2,(H,7,8)","ABDKJICLXDSVKH"
"236_235.17_1.6",236,235.165393744158,1.6042376,0.011108289697223,1.95435280264659,1.3912633678977,0.476395549710674,"Amino acids and Peptides","Small peptides","Dipeptides","null",NA,"CC(C)C(N)C(=O)O|C[N+](C)(C)CC(=O)[O-]","C(CCN)CCNCC(=O)C(C(CO)O)O",NA,NA,NA,NA,"KZSNJWFQEVHDMF|KWIUHFFTVRNATP","InChI=1S/C5H11NO2/c1-3(2)4(6)5(7)8/h3-4H,6H2,1-2H3,(H,7,8)|InChI=1S/C5H11NO2/c1-6(2,3)4-5(7)8/h4H2,1-3H3","KZSNJWFQEVHDMF-UHFFFAOYSA-N|KWIUHFFTVRNATP-UHFFFAOYSA-N","InChI=1S/C10H22N2O4/c11-4-2-1-3-5-12-6-8(14)10(16)9(15)7-13/h9-10,12-13,15-16H,1-7,11H2","BZKXSLSRJJQPEX"
"246_195.12_1.8",246,195.122809335498,1.833548,0.0112830483338551,1.94757355144124,1.42873855373675,0.514741940411149,"Fatty acids","Glycerolipids","Monoacylglycerols","Tetraglycol",NA,NA,"C(COCCOCCOCCO)O",NA,NA,NA,NA,NA,NA,NA,"InChI=1S/C8H18O5/c9-1-3-11-5-7-13-8-6-12-4-2-10/h9-10H,1-8H2","UWHCKJMYHZGTIT"
"46_407.09_0.5",46,407.086046553712,0.48481646,0.0116596569489842,1.93331422722322,1.58322768838257,0.662868748386722,NA,NA,NA,NA,NA,NA,NA,NA,NA,NA,NA,NA,NA,NA,NA,NA
"101_277.14_0.6",101,277.13945870742,0.5707753,0.0117037493340025,1.93167498832031,1.58614343986166,0.665523244320383,"Amino acids and Peptides","Small peptides","Aminoacids","Saccharopin","C(CCNC(CCC(=O)O)C(=O)O)CC(C(=O)O)N","N[C@@H](CCCCN[C@@H](CCC(=O)O)C(=O)O)C(=O)O","C(CCNC(CCC(=O)O)C(=O)O)CC(C(=O)O)N","1/C11H20N2O6/c12-7(10(16)17)3-1-2-6-13-8(11(18)19)4-5-9(14)15/h7-8,13H,1-6,12H2,(H,14,15)(H,16,17)(H,18,19)/t7-,8-/m0/s1/f/h14,16,18H",NA,"ZDGJAHTZVHVLOT-UHFFFAOYSA-N","ZDGJAHTZVHVLOT","ZDGJAHTZVHVLOT","InChI=1S/C11H20N2O6/c12-7(10(16)17)3-1-2-6-13-8(11(18)19)4-5-9(14)15/h7-8,13H,1-6,12H2,(H,14,15)(H,16,17)(H,18,19)/t7-,8-/m0/s1","ZDGJAHTZVHVLOT-YUMQZZPRSA-N","InChI=1S/C11H20N2O6/c12-7(10(16)17)3-1-2-6-13-8(11(18)19)4-5-9(14)15/h7-8,13H,1-6,12H2,(H,14,15)(H,16,17)(H,18,19)","ZDGJAHTZVHVLOT"
"213_146.17_1.2",213,146.165339389507,1.1896614,0.0117922521746367,1.92840324209678,1.55829634574271,0.639969620997716,"Alkaloids","Ornithine alkaloids","Polyamines","Spermidin",NA,"NCCCCNCCCN","C(CCNCCCN)CN",NA,NA,NA,NA,"ATHGHQPFGPMSJY","InChI=1S/C7H19N3/c8-4-1-2-6-10-7-3-5-9/h10H,1-9H2","ATHGHQPFGPMSJY-UHFFFAOYSA-N","InChI=1S/C7H19N3/c8-4-1-2-6-10-7-3-5-9/h10H,1-9H2","ATHGHQPFGPMSJY"
"353_440.28_5.6",353,440.277332144309,5.6315207,0.0119786870422217,1.9215907814097,1.50750817913888,0.592165829635207,"Fatty acids","Glycerophospholipids","Glycerophosphocholines","LPC-lyso","CCCCCCCCCCCC(=O)OCC(COP(=O)([O-])OCC[N+](C)(C)C)O",NA,"CCCCCCCCCCCC(=O)OCC(COP(=O)(O)OCC[N+](C)(C)C)O","1S/C20H42NO7P/c1-5-6-7-8-9-10-11-12-13-14-20(23)26-17-19(22)18-28-29(24,25)27-16-15-21(2,3)4/h19,22H,5-18H2,1-4H3",NA,"BWKILASWCLJPBO-UHFFFAOYSA-N","BWKILASWCLJPBO","GLSCDHQUIDQFRP","nan","nan","InChI=1S/C20H42NO7P/c1-5-6-7-8-9-10-11-12-13-14-20(23)26-17-19(22)18-28-29(24,25)27-16-15-21(2,3)4/h19,22H,5-18H2,1-4H3/p+1","BWKILASWCLJPBO"
"68_213.07_0.5",68,213.074828540161,0.49711654,0.0123361027063728,1.90882202348368,1.56759282818755,0.648550877668783,"Amino acids and Peptides","Small peptides","Aminoacids","arginine",NA,NA,"C(CC(C(=O)O)N)CN=C(N)N",NA,NA,NA,NA,NA,NA,NA,"InChI=1S/C6H14N4O2/c7-4(5(11)12)2-1-3-10-6(8)9/h4H,1-3,7H2,(H,11,12)(H4,8,9,10)","ODKSFYDXXFIFQN"
"421_526.43_8.4",421,526.431598652533,8.412181,0.0125173279463136,1.90248836937025,0.724190653941338,-0.465558536686208,"Fatty acids","Fatty amides","Linear peptides","null",NA,NA,"CC1C(CCC(N1)CC(CCCCCCCC(CC(=O)O)(CNC2(CCNC(C2)N)C)O)NCC(C)O)O",NA,NA,NA,NA,NA,NA,NA,"InChI=1S/C28H57N5O5/c1-20(34)18-31-22(15-23-10-11-24(35)21(2)33-23)9-7-5-4-6-8-12-28(38,17-26(36)37)19-32-27(3)13-14-30-25(29)16-27/h20-25,30-35,38H,4-19,29H2,1-3H3,(H,36,37)","NBMGLMJXPPFHTG"
"4_242_0.4",4,241.999591998113,0.4136186,0.0128566079362513,1.8908735997546,1.54193117747652,0.624738373470103,"Amino acids and Peptides","Small peptides","Aminoacids","1-(2-methylsulfinylethyl)-2-nitroimidazole",NA,"NC(Cc1ccccc1)C(=O)O","CS(=O)CCN1C=CN=C1[N+](=O)[O-]",NA,NA,NA,NA,"COLNVLDHVKWLRT","InChI=1S/C9H11NO2/c10-8(9(11)12)6-7-4-2-1-3-5-7/h1-5,8H,6,10H2,(H,11,12)","COLNVLDHVKWLRT-UHFFFAOYSA-N","InChI=1S/C6H9N3O3S/c1-13(12)5-4-8-3-2-7-6(8)9(10)11/h2-3H,4-5H2,1H3","QLUPQWGVSUSFPS"
"234_144.1_1.6",234,144.1020800722,1.6040746,0.0129386422261308,1.88811129589591,1.55410864594813,0.63608736442232,"Alkaloids","Lysine alkaloids","Unsaturated fatty acids","ACMC-20lhzn",NA,NA,"CC1CCCC(N1)C(=O)O",NA,NA,NA,NA,NA,NA,NA,"InChI=1S/C7H13NO2/c1-5-3-2-4-6(8-5)7(9)10/h5-6,8H,2-4H2,1H3,(H,9,10)","IHLDCUQUFBWSJU"
"42_185.07_0.5",42,185.068704313257,0.4799024,0.0131289726789432,1.88176925542776,1.54593958253032,0.628483937835134,"Amino acids and Peptides","Small peptides","Aminoacids","L-Ornithine, N2-methyl-",NA,NA,"CNC(CCCN)C(=O)O",NA,NA,NA,NA,NA,NA,NA,"InChI=1S/C6H14N2O2/c1-8-5(6(9)10)3-2-4-7/h5,8H,2-4,7H2,1H3,(H,9,10)","OZRWQPFBXDVLAH"
"264_359.1_2.3",264,359.103620792708,2.3066554,0.0132802768207464,1.87679287222179,1.62276349762444,0.698452756098726,"Amino acids and Peptides","Fatty amides","N-acyl amines","null",NA,"CC1(C)CCC[C@]2(C)[C@H]3CC(=O)O[C@]3(C)[C@@H](O)[C@H](O)[C@@H]12","CC(=O)SCCNC(=O)CCNC(=O)C(C(C)(C)CO)O",NA,NA,NA,NA,"SRKDUNRNENAEJS","InChI=1S/C16H26O4/c1-14(2)6-5-7-15(3)9-8-10(17)20-16(9,4)13(19)11(18)12(14)15/h9,11-13,18-19H,5-8H2,1-4H3/t9-,11-,12+,13+,15-,16+/m1/s1","SRKDUNRNENAEJS-QJCXCHQMSA-N","InChI=1S/C13H24N2O5S/c1-9(17)21-7-6-14-10(18)4-5-15-12(20)11(19)13(2,3)8-16/h11,16,19H,4-8H2,1-3H3,(H,14,18)(H,15,20)","WWROXTIUCJPVJU"
"257_262.12_2",257,262.118842548479,1.98923,0.0133284170562583,1.8752214263216,1.57084300449446,0.651538999883962,"Amino acids and Peptides","Small peptides","Dipeptides","ACMC-20aksq",NA,NA,"C1=CC=C2C(=C1)C(=CN2)CC(C(=O)O)NC(=O)CN",NA,NA,NA,NA,NA,NA,NA,"InChI=1S/C13H15N3O3/c14-6-12(17)16-11(13(18)19)5-8-7-15-10-4-2-1-3-9(8)10/h1-4,7,11,15H,5-6,14H2,(H,16,17)(H,18,19)","AJHCSUXXECOXOY"
"25_133.1_0.4",25,133.09729590435,0.4462771,0.0133653107010812,1.8740209408209,1.5488097761817,0.631159964132905,"Amino acids and Peptides","Small peptides","Aminoacids","Ornitina","Cc1ncc(C[n+]2csc(CCO)c2C)c(=N)[nH]1","O=C(O)C1CCCN1|NCCCC(N)C(=O)O","C(CC(C(=O)O)N)CN","\"\"InChI=1S/C12H17N4OS/c1-8-11(3-4-17)18-7-16(8)6-10-5-14-9(2)15-12(10)13/h5,7,17H,3-4,6H2,1-2H3,(H2,13,14,15)/q+1\"\"",NA,"JZRWCGZRTZMZEH-UHFFFAOYSA-N","JZRWCGZRTZMZEH","ONIBWKKTOPOVIA|AHLPHDHHMVZTML","InChI=1S/C5H9NO2/c7-5(8)4-2-1-3-6-4/h4,6H,1-3H2,(H,7,8)|InChI=1S/C5H12N2O2/c6-3-1-2-4(7)5(8)9/h4H,1-3,6-7H2,(H,8,9)","ONIBWKKTOPOVIA-UHFFFAOYSA-N|AHLPHDHHMVZTML-UHFFFAOYSA-N","InChI=1S/C5H12N2O2/c6-3-1-2-4(7)5(8)9/h4H,1-3,6-7H2,(H,8,9)","AHLPHDHHMVZTML"
"235_190.11_1.6",235,190.107504369277,1.6041797,0.0148056671184019,1.82957201925656,1.53756883463825,0.620650999179219,"Amino acids and Peptides","Small peptides","Dipeptides","N-(3,4,5,6-tetrahydroxyhexan-2-yl)acetamide","C(CCNC(=N)N)C[C@@H](C(=O)O)N","O=C1CCC(C(=O)O)N1","CC(C(C(C(CO)O)O)O)NC(=O)C","InChI=1S/C7H16N4O2/c8-5(6(12)13)3-1-2-4-11-7(9)10/h5H,1-4,8H2,(H,12,13)(H4,9,10,11)/t5-/m0/s1",NA,"QUOGESRFPZDMMT-YFKPBYRVSA-N","QUOGESRFPZDMMT","ODHCTXKNWHHXJC","InChI=1S/C5H7NO3/c7-4-2-1-3(6-4)5(8)9/h3H,1-2H2,(H,6,7)(H,8,9)","ODHCTXKNWHHXJC-UHFFFAOYSA-N","InChI=1S/C8H17NO5/c1-4(9-5(2)11)7(13)8(14)6(12)3-10/h4,6-8,10,12-14H,3H2,1-2H3,(H,9,11)","GNDXKDUZRVMTHI"
"350_398.23_5.6",350,398.23026679147,5.598686,0.0157792073168835,1.80191481776477,1.51500340628084,0.599321037407102,"Fatty acids","Glycerophospholipids","Glycerophosphoethanolamines","Lysolpe",NA,NA,"CCCCCCCCCCCC(=O)OCC(COP(=O)(O)OCCN)O",NA,NA,NA,NA,NA,NA,NA,"InChI=1S/C17H36NO7P/c1-2-3-4-5-6-7-8-9-10-11-17(20)23-14-16(19)15-25-26(21,22)24-13-12-18/h16,19H,2-15,18H2,1H3,(H,21,22)","IZDRGPDUDLWAGR"
"139_269.16_0.7",139,269.160908220475,0.6675923,0.0158690496841852,1.79944908013059,1.53333540159378,0.616673306448767,"Amino acids and Peptides","Small peptides","Dipeptides","Histidylleucine","CCC(C)C(C(=O)O)NC(=O)C(CC1=CN=CN1)N","CC(C)C[C@H](NC(=O)[C@@H](N)Cc1cnc[nH]1)C(=O)O","CC(C)CC(C(=O)O)NC(=O)C(CC1=CN=CN1)N","InChI=1S/C12H20N4O3/c1-3-7(2)10(12(18)19)16-11(17)9(13)4-8-5-14-6-15-8/h5-7,9-10H,3-4,13H2,1-2H3,(H,14,15)(H,16,17)(H,18,19)",NA,"IDXZDKMBEXLFMB-UHFFFAOYSA-N","IDXZDKMBEXLFMB","MMFKFJORZBJVNF","InChI=1S/C12H20N4O3/c1-7(2)3-10(12(18)19)16-11(17)9(13)4-8-5-14-6-15-8/h5-7,9-10H,3-4,13H2,1-2H3,(H,14,15)(H,16,17)(H,18,19)/t9-,10-/m0/s1","MMFKFJORZBJVNF-UWVGGRQHSA-N","InChI=1S/C12H20N4O3/c1-7(2)3-10(12(18)19)16-11(17)9(13)4-8-5-14-6-15-8/h5-7,9-10H,3-4,13H2,1-2H3,(H,14,15)(H,16,17)(H,18,19)","MMFKFJORZBJVNF"
"261_284.21_2.1",261,284.206818674768,2.1094725,0.0158693374856018,1.79944120382822,1.41809079443868,0.503949905280532,"Alkaloids","Pseudoalkaloids","Polyamines","null","C(COCCOCCOCCOCCOCCO)O",NA,"CN(C)CC1=CN(N=N1)CCC2CCC(C(O2)CO)N","InChI=1S/C12H26O7/c13-1-3-15-5-7-17-9-11-19-12-10-18-8-6-16-4-2-14/h13-14H,1-12H2",NA,"IIRDTKBZINWQAW-UHFFFAOYSA-N","IIRDTKBZINWQAW",NA,NA,NA,"InChI=1S/C13H25N5O2/c1-17(2)7-10-8-18(16-15-10)6-5-11-3-4-12(14)13(9-19)20-11/h8,11-13,19H,3-7,9,14H2,1-2H3","RSSFQYFOHBQLRO"
"188_146.17_0.9",188,146.16538203365,0.8637711,0.0160378493829025,1.79485386945325,1.44933857315531,0.535394655456975,"Alkaloids","Ornithine alkaloids","Polyamines","Spermidin","C(CCNCCCN)CN","NCCCCNCCCN","C(CCNCCCN)CN","\"\"InChI=1S/C7H19N3/c8-4-1-2-6-10-7-3-5-9/h10H,1-9H2\"\"",NA,"ATHGHQPFGPMSJY-UHFFFAOYSA-N","ATHGHQPFGPMSJY","ATHGHQPFGPMSJY","InChI=1S/C7H19N3/c8-4-1-2-6-10-7-3-5-9/h10H,1-9H2","ATHGHQPFGPMSJY-UHFFFAOYSA-N","InChI=1S/C7H19N3/c8-4-1-2-6-10-7-3-5-9/h10H,1-9H2","ATHGHQPFGPMSJY"
"187_355.16_0.9",187,355.155095579175,0.8612253,0.0167719540396672,1.77541633636782,1.63258003817444,0.707153722458869,"Carbohydrates","Nucleosides","Purine nucleos(t)ides","decarboxylated SAM",NA,NA,"C[S+](CCCN)CC1C(C(C(O1)N2C=NC3=C(N=CN=C32)N)O)O",NA,NA,NA,NA,NA,NA,NA,"InChI=1S/C14H23N6O3S/c1-24(4-2-3-15)5-8-10(21)11(22)14(23-8)20-7-19-9-12(16)17-6-18-13(9)20/h6-8,10-11,14,21-22H,2-5,15H2,1H3,(H2,16,17,18)/q+1","ZUNBITIXDCPNSD"
"263_261.14_2.2",263,261.144746903343,2.1942844,0.0170347740258868,1.76866362317396,1.54609731997064,0.628631133376636,"Amino acids and Peptides","Small peptides","Dipeptides","gamma-Glu-leu",NA,"CC(C)C[C@H](NC(=O)CC[C@H](N)C(=O)O)C(=O)O","CC(C)CC(C(=O)O)NC(=O)CCC(C(=O)O)N",NA,NA,NA,NA,"MYFMARDICOWMQP","InChI=1S/C11H20N2O5/c1-6(2)5-8(11(17)18)13-9(14)4-3-7(12)10(15)16/h6-8H,3-5,12H2,1-2H3,(H,13,14)(H,15,16)(H,17,18)/t7-,8-/m0/s1","MYFMARDICOWMQP-YUMQZZPRSA-N","InChI=1S/C11H20N2O5/c1-6(2)5-8(11(17)18)13-9(14)4-3-7(12)10(15)16/h6-8H,3-5,12H2,1-2H3,(H,13,14)(H,15,16)(H,17,18)","MYFMARDICOWMQP"
"3_265.02_0.4",3,265.015638967596,0.4134636,0.0171660646381353,1.76532925648937,1.58671060362389,0.666039022446094,"Alkaloids","Histidine alkaloids","Imidazole alkaloids","6-(Propylsulfonyl)purine",NA,NA,"CCCS(=O)(=O)C1=NC=NC2=C1NC=N2",NA,NA,NA,NA,NA,NA,NA,"InChI=1S/C8H10N4O2S/c1-2-3-15(13,14)8-6-7(10-4-9-6)11-5-12-8/h4-5H,2-3H2,1H3,(H,9,10,11,12)","KZBFHFNSOGTTKK"
"233_212.09_1.6",233,212.089444178056,1.6012747,0.0172543841268661,1.76310053768093,1.54074028183561,0.623623691387688,NA,NA,NA,NA,NA,NA,NA,NA,NA,NA,NA,NA,NA,NA,NA,NA
"397_496.34_7.1",397,496.339922075099,7.072333,0.0177509579732014,1.75077820422868,1.53886502791619,0.621866700090283,"Fatty acids","Glycerophospholipids","Glycerophosphocholines","1-16:0-lysoPC","CCCCCCCCCCCCCCCC(=O)OC[C@H](COP(=O)([O-])OCC[N+](C)(C)C)O","CCCCCCCCCCCCCCCC(=O)OC[C@@H](O)COP(=O)([O-])OCC[N+](C)(C)C","CCCCCCCCCCCCCCCC(=O)OCC(COP(=O)(O)OCC[N+](C)(C)C)O","InChI=1S/C24H50NO7P/c1-5-6-7-8-9-10-11-12-13-14-15-16-17-18-24(27)30-21-23(26)22-32-33(28,29)31-20-19-25(2,3)4/h23,26H,5-22H2,1-4H3/t23-/m1/s1",NA,"ASWBNKHCZGQVJV-HSZRJFAPSA-N","ASWBNKHCZGQVJV","ASWBNKHCZGQVJV","InChI=1S/C24H50NO7P/c1-5-6-7-8-9-10-11-12-13-14-15-16-17-18-24(27)30-21-23(26)22-32-33(28,29)31-20-19-25(2,3)4/h23,26H,5-22H2,1-4H3/t23-/m1/s1","ASWBNKHCZGQVJV-HSZRJFAPSA-N","InChI=1S/C24H50NO7P/c1-5-6-7-8-9-10-11-12-13-14-15-16-17-18-24(27)30-21-23(26)22-32-33(28,29)31-20-19-25(2,3)4/h23,26H,5-22H2,1-4H3/p+1","ASWBNKHCZGQVJV"
"458_411.33_9.3",458,411.325895629635,9.294299,0.0179486607477663,1.74596795107195,1.59464200288009,0.67323257531293,"Terpenoids","Meroterpenoids","Prenyl quinone meroterpenoids","null",NA,"CC(C)[C@@H](C)/C=C/[C@@H](C)[C@H]1CC[C@H]2[C@]3(O)C=CC4=CC(=O)CC[C@]4(C)[C@H]3CC[C@]12C","CC1=CC2=C(CCC(O2)(C)CCC=C(C)CCC=C(C)CCC=C(C)C)C(=C1O)C",NA,NA,NA,NA,"UVNYUMXKLUCIGN","InChI=1S/C28H42O2/c1-18(2)19(3)7-8-20(4)23-9-10-24-27(23,6)15-13-25-26(5)14-12-22(29)17-21(26)11-16-28(24,25)30/h7-8,11,16-20,23-25,30H,9-10,12-15H2,1-6H3/b8-7+/t19-,20+,23+,24+,25+,26-,27+,28+/m0/s1","UVNYUMXKLUCIGN-CMLOMSQHSA-N","InChI=1S/C28H42O2/c1-20(2)11-8-12-21(3)13-9-14-22(4)15-10-17-28(7)18-16-25-24(6)27(29)23(5)19-26(25)30-28/h11,13,15,19,29H,8-10,12,14,16-18H2,1-7H3","KNOLXXFWGWYXEX"
"385_452.28_6.6",385,452.277363888887,6.626161,0.0183287824266634,1.73686638408004,1.48962479756334,0.574948994539874,"Fatty acids","Glycerophospholipids","Glycerophosphoethanolamines","Lysophosphatidylethanolamine(16:1/0:0)",NA,NA,"CCCCCCC=CCCCCCCCC(=O)OCC(COP(=O)(O)OCCN)O",NA,NA,NA,NA,NA,NA,NA,"InChI=1S/C21H42NO7P/c1-2-3-4-5-6-7-8-9-10-11-12-13-14-15-21(24)27-18-20(23)19-29-30(25,26)28-17-16-22/h7-8,20,23H,2-6,9-19,22H2,1H3,(H,25,26)","DSOWUEHXZJUNID"
"415_467.31_7.9",415,467.313581437069,7.882687,0.0183963138540618,1.73526918966527,1.49024094148195,0.575545603827921,NA,NA,NA,NA,NA,NA,NA,NA,NA,NA,NA,NA,NA,NA,NA,NA
"411_524.37_7.7",411,524.371378831048,7.7069964,0.01865497280052,1.72920537983638,1.58071528546713,0.660577536428344,"Fatty acids","Glycerophospholipids","Glycerophosphocholines","1-18:0-lysoPC",NA,"CCCCCCCCCCCCCCCCCC(=O)OC[C@@H](O)COP(=O)([O-])OCC[N+](C)(C)C","CCCCCCCCCCCCCCCCCC(=O)OCC(COP(=O)(O)OCC[N+](C)(C)C)O",NA,NA,NA,NA,"IHNKQIMGVNPMTC","InChI=1S/C26H54NO7P/c1-5-6-7-8-9-10-11-12-13-14-15-16-17-18-19-20-26(29)32-23-25(28)24-34-35(30,31)33-22-21-27(2,3)4/h25,28H,5-24H2,1-4H3/t25-/m1/s1","IHNKQIMGVNPMTC-RUZDIDTESA-N","InChI=1S/C26H54NO7P/c1-5-6-7-8-9-10-11-12-13-14-15-16-17-18-19-20-26(29)32-23-25(28)24-34-35(30,31)33-22-21-27(2,3)4/h25,28H,5-24H2,1-4H3/p+1","IHNKQIMGVNPMTC"
"124_265.11_0.6",124,265.111837128887,0.616779,0.0187319905825751,1.72741606922952,1.34768829841154,0.430486859772393,"Alkaloids","Nicotinic acid alkaloids","Pyridine alkaloids","Begiolan",NA,NA,"CC1=C(SC=[N+]1CC2=CN=C(N=C2N)C)CCO",NA,NA,NA,NA,NA,NA,NA,"InChI=1S/C12H17N4OS/c1-8-11(3-4-17)18-7-16(8)6-10-5-14-9(2)15-12(10)13/h5,7,17H,3-4,6H2,1-2H3,(H2,13,14,15)/q+1","JZRWCGZRTZMZEH"
"374_468.31_6.4",374,468.308654371802,6.4279604,0.0190534587362205,1.7200261762241,1.54940750832577,0.631716636006789,"Fatty acids","Glycerophospholipids","Glycerophosphocholines","Lyso-dmpc","CCCCCCCCCCCCCC(=O)OC[C@H](COP(=O)([O-])OCC[N+](C)(C)C)O","CCCCCCCCCCCCCC(=O)OC[C@@H](O)COP(=O)([O-])OCC[N+](C)(C)C","CCCCCCCCCCCCCC(=O)OCC(COP(=O)(O)OCC[N+](C)(C)C)O","InChI=1S/C22H46NO7P/c1-5-6-7-8-9-10-11-12-13-14-15-16-22(25)28-19-21(24)20-30-31(26,27)29-18-17-23(2,3)4/h21,24H,5-20H2,1-4H3/t21-/m1/s1",NA,"VXUOFDJKYGDUJI-OAQYLSRUSA-N","VXUOFDJKYGDUJI","VXUOFDJKYGDUJI","InChI=1S/C22H46NO7P/c1-5-6-7-8-9-10-11-12-13-14-15-16-22(25)28-19-21(24)20-30-31(26,27)29-18-17-23(2,3)4/h21,24H,5-20H2,1-4H3/t21-/m1/s1","VXUOFDJKYGDUJI-OAQYLSRUSA-N","InChI=1S/C22H46NO7P/c1-5-6-7-8-9-10-11-12-13-14-15-16-22(25)28-19-21(24)20-30-31(26,27)29-18-17-23(2,3)4/h21,24H,5-20H2,1-4H3/p+1","VXUOFDJKYGDUJI"
"190_174.89_0.9",190,174.886711210113,0.9430357,0.0192206223017969,1.71623255538437,1.59673062316144,0.675120943050263,NA,NA,NA,NA,"C(C[C@@H](C(=O)O)N)CN=C(N)N",NA,NA,"InChI=1S/C6H14N4O2/c7-4(5(11)12)2-1-3-10-6(8)9/h4H,1-3,7H2,(H,11,12)(H4,8,9,10)/t4-/m0/s1",NA,"ODKSFYDXXFIFQN-BYPYZUCNSA-N","ODKSFYDXXFIFQN",NA,NA,NA,NA,NA
"132_249.11_0.7",132,249.108220849736,0.6528377,0.0192560561479584,1.7154326563894,1.52588313859653,0.609644476049826,"Amino acids and Peptides","Small peptides","Dipeptides","L-alpha-glutamyl-L-threonine",NA,"CC(O)C(NC(=O)CCC(N)C(=O)O)C(=O)O","CC(C(C(=O)O)NC(=O)C(CCC(=O)O)N)O",NA,NA,NA,NA,"GWNXFCYUJXASDX","InChI=1S/C9H16N2O6/c1-4(12)7(9(16)17)11-6(13)3-2-5(10)8(14)15/h4-5,7,12H,2-3,10H2,1H3,(H,11,13)(H,14,15)(H,16,17)","GWNXFCYUJXASDX-UHFFFAOYSA-N","InChI=1S/C9H16N2O6/c1-4(12)7(9(16)17)11-8(15)5(10)2-3-6(13)14/h4-5,7,12H,2-3,10H2,1H3,(H,11,15)(H,13,14)(H,16,17)","JSIQVRIXMINMTA"
"344_272.26_5.3",344,272.258324783495,5.3128138,0.0194945861619707,1.71008597973633,1.57170181159993,0.652327530743818,"Fatty acids","Sphingolipids","Sphingoid bases","hexadecaphytosphingosine",NA,"CCCCCCCCCCC/C=C/[C@@H](O)[C@@H](N)CO","CCCCCCCCCCCCC(C(C(CO)N)O)O",NA,NA,NA,NA,"BTUSGZZCQZACPT","InChI=1S/C16H33NO2/c1-2-3-4-5-6-7-8-9-10-11-12-13-16(19)15(17)14-18/h12-13,15-16,18-19H,2-11,14,17H2,1H3/b13-12+/t15-,16+/m0/s1","BTUSGZZCQZACPT-YYZTVXDQSA-N","InChI=1S/C16H35NO3/c1-2-3-4-5-6-7-8-9-10-11-12-15(19)16(20)14(17)13-18/h14-16,18-20H,2-13,17H2,1H3","OCHZTELGZBWSJD"
"142_332.56_0.7",142,332.561935206955,0.6742624,0.0201904424368284,1.69485416417831,1.48687669740102,0.572285013615109,NA,NA,NA,NA,NA,NA,NA,NA,NA,NA,NA,NA,NA,NA,NA,NA
"232_228.06_1.6",232,228.063422802667,1.5978888,0.0226513442632243,1.64490601931221,1.52947304678401,0.613034683153929,NA,NA,NA,NA,NA,NA,NA,NA,NA,NA,NA,NA,NA,NA,NA,NA
"9_151.04_0.4",9,151.035291462723,0.4247144,0.0237613328972617,1.62412920116183,1.47154314892394,0.55732984593166,"Amino acids and Peptides","Small peptides","Aminoacids","2,2-Dinitropropanol",NA,NA,"CC(CO)([N+](=O)[O-])[N+](=O)[O-]",NA,NA,NA,NA,NA,NA,NA,"InChI=1S/C3H6N2O5/c1-3(2-6,4(7)8)5(9)10/h6H,2H2,1H3","IPLRZPREFHIGIB"
"339_274.27_5.2",339,274.27398326098,5.1780167,0.0239478865963219,1.6207328070951,1.51446660836639,0.598809769301792,"Fatty acids","Sphingolipids","Sphingoid bases","C16 sphinganine(1+)",NA,NA,"CCCCCCCCCCCCCC(C(CO)N)O",NA,NA,NA,NA,NA,NA,NA,"InChI=1S/C16H35NO2/c1-2-3-4-5-6-7-8-9-10-11-12-13-16(19)15(17)14-18/h15-16,18-19H,2-14,17H2,1H3","ZKLREJQHRKUJHD"
"247_240.18_1.8",247,240.180618979299,1.833548,0.0240038113335679,1.61971979538338,1.403761983022,0.489298338047156,"Alkaloids","Ornithine alkaloids","Polyamines",NA,NA,NA,NA,NA,NA,NA,NA,NA,NA,NA,NA,NA
"382_140.07_6.6",382,140.068232347122,6.600897,0.0242177854660902,1.6158655723337,1.7206823253212,0.782980769668761,NA,NA,NA,NA,NA,NA,NA,NA,NA,NA,NA,NA,NA,NA,NA,NA
"231_229.15_1.5",231,229.154842575345,1.5146881,0.0243683611741521,1.61317367709163,1.50647916019773,0.591180715622487,"Amino acids and Peptides","Small peptides","Dipeptides","L-prolyl-L-leucine",NA,NA,"CC(C)CC(C(=O)O)NC(=O)C1CCCN1",NA,NA,NA,NA,NA,NA,NA,"InChI=1S/C11H20N2O3/c1-7(2)6-9(11(15)16)13-10(14)8-4-3-5-12-8/h7-9,12H,3-6H2,1-2H3,(H,13,14)(H,15,16)","ZKQOUHVVXABNDG"
"238_223.11_1.7",238,223.107812324176,1.7038394,0.0252257758210797,1.5981554681185,1.51412209738531,0.598481547589061,"Amino acids and Peptides","Small peptides","Dipeptides","Maybridge1_006768",NA,"NC(Cc1ccc(O)cc1)C(=O)O","C1=CC=C(C=C1)CC(C(=O)O)NC(=O)CN",NA,NA,NA,NA,"OUYCCCASQSFEME","InChI=1S/C9H11NO3/c10-8(9(12)13)5-6-1-3-7(11)4-2-6/h1-4,8,11H,5,10H2,(H,12,13)","OUYCCCASQSFEME-UHFFFAOYSA-N","InChI=1S/C11H14N2O3/c12-7-10(14)13-9(11(15)16)6-8-4-2-1-3-5-8/h1-5,9H,6-7,12H2,(H,13,14)(H,15,16)","JBCLFWXMTIKCCB"
"499_710.47_10.3",499,710.473020248973,10.290419,0.0257345538181119,1.58948335708204,1.45655327704513,0.542558472589188,"Fatty acids","Glycerophospholipids","Glycerophosphoethanolamines","Phophatidylethanolamine(18:2/14:0)",NA,NA,"CCCCCCCCCCCCCC(=O)OC(COC(=O)CCCCCCCC=CCC=CCCCCC)COP(=O)(O)OCCN",NA,NA,NA,NA,NA,NA,NA,"InChI=1S/C37H70NO8P/c1-3-5-7-9-11-13-15-16-17-18-20-21-23-25-27-29-36(39)43-33-35(34-45-47(41,42)44-32-31-38)46-37(40)30-28-26-24-22-19-14-12-10-8-6-4-2/h11,13,16-17,35H,3-10,12,14-15,18-34,38H2,1-2H3,(H,41,42)","SQDQUZAJRQWDMA"
"2_216.95_0.4",2,216.950719017896,0.41185388,0.026418394919369,1.57809357199161,1.6132334717168,0.689955244515538,"Shikimates and Phenylpropanoids","Phenolic acids (C6-C1)","Simple phenolic acids","chloro(2-fluorophenyl)sulfone","OC1C[C@@](O)(C[C@@H](O)[C@H]1O)C(O)=O",NA,"C1=CC=C(C(=C1)F)S(=O)(=O)Cl","\"\"InChI=1S/C7H12O6/c8-3-1-7(13,6(11)12)2-4(9)5(3)10/h3-5,8-10,13H,1-2H2,(H,11,12)/t3-,4?,5-,7+/m1/s1\"\"",NA,"AAWZDTNXLSGCEK-RKGSPJAZSA-N","AAWZDTNXLSGCEK",NA,NA,NA,"InChI=1S/C6H4ClFO2S/c7-11(9,10)6-4-2-1-3-5(6)8/h1-4H","ZSZKAQCISWFDCQ"
"186_162.06_0.9",186,162.058454611981,0.8508624,0.0267440246272152,1.57277323649555,0.605241484910922,-0.724417217669678,"Amino acids and Peptides","Small peptides","Aminoacids","S-Hydroxyethylhomocysteine",NA,"O=C(O)c1ccc2[nH]ccc2c1","C(CSCCO)C(C(=O)O)N",NA,NA,NA,NA,"IENZCGNHSIMFJE","InChI=1S/C9H7NO2/c11-9(12)7-1-2-8-6(5-7)3-4-10-8/h1-5,10H,(H,11,12)","IENZCGNHSIMFJE-UHFFFAOYSA-N","InChI=1S/C6H13NO3S/c7-5(6(9)10)1-3-11-4-2-8/h5,8H,1-4,7H2,(H,9,10)","WKECILUJKOJNGE"
"197_162.08_1",197,162.076178589646,1.01348,0.0279277699317385,1.55396374188609,0.615267317419291,-0.700714735290754,"Amino acids and Peptides","Small peptides","Dipeptides","N-Acetylthreonine",NA,"CC(=O)OCCC(N)C(=O)O","CC(C(C(=O)O)NC(=O)C)O",NA,NA,NA,NA,"FCXZBWSIAGGPCB","InChI=1S/C6H11NO4/c1-4(8)11-3-2-5(7)6(9)10/h5H,2-3,7H2,1H3,(H,9,10)","FCXZBWSIAGGPCB-UHFFFAOYSA-N","InChI=1S/C6H11NO4/c1-3(8)5(6(10)11)7-4(2)9/h3,5,8H,1-2H3,(H,7,9)(H,10,11)","PEDXUVCGOLSNLQ"
"200_137.05_1.1",200,137.045919124702,1.075961,0.0281296353305607,1.55083589794329,0.616300825814455,-0.69829337063526,"Alkaloids","Pseudoalkaloids","Purine alkaloids","Sarcine",NA,NA,"C1=NC2=C(N1)C(=O)N=CN2",NA,NA,NA,NA,NA,NA,NA,"InChI=1S/C5H4N4O/c10-5-3-4(7-1-6-3)8-2-9-5/h1-2H,(H2,6,7,8,9,10)","FDGQSTZJBFJUBT"
"362_242.28_5.9",362,242.284217389951,5.9119234,0.0283831437435795,1.54693950335089,1.47610627040489,0.561796590142958,"Fatty acids","Fatty acyls","Hydrocarbons","Alamine 6",NA,NA,"CCCCCCCCCCCCCCCCN",NA,NA,NA,NA,NA,NA,NA,"InChI=1S/C16H35N/c1-2-3-4-5-6-7-8-9-10-11-12-13-14-15-16-17/h2-17H2,1H3","FJLUATLTXUNBOT"
"168_190.07_0.8",168,190.071159377825,0.78932095,0.0293723327324203,1.5320615607095,1.51347739875306,0.597867131095162,"Amino acids and Peptides","Small peptides","Aminoacids","acetyl-glu",NA,"CC(=O)N[C@@H](CCC(=O)O)C(=O)O","CC(=O)NC(CCC(=O)O)C(=O)O",NA,NA,NA,NA,"RFMMMVDNIPUKGG","InChI=1S/C7H11NO5/c1-4(9)8-5(7(12)13)2-3-6(10)11/h5H,2-3H2,1H3,(H,8,9)(H,10,11)(H,12,13)/t5-/m0/s1","RFMMMVDNIPUKGG-YFKPBYRVSA-N","InChI=1S/C7H11NO5/c1-4(9)8-5(7(12)13)2-3-6(10)11/h5H,2-3H2,1H3,(H,8,9)(H,10,11)(H,12,13)","RFMMMVDNIPUKGG"
"384_474.26_6.6",384,474.259285693762,6.625928,0.0295093460039483,1.53004041537377,1.50518018870137,0.58993620577914,"Fatty acids","Glycerophospholipids","Glycerophosphoethanolamines","Lysophosphatidylethanolamine(16:1/0:0)",NA,NA,"CCCCCCC=CCCCCCCCC(=O)OCC(COP(=O)(O)OCCN)O",NA,NA,NA,NA,NA,NA,NA,"InChI=1S/C21H42NO7P/c1-2-3-4-5-6-7-8-9-10-11-12-13-14-15-21(24)27-18-20(23)19-29-30(25,26)28-17-16-22/h7-8,20,23H,2-6,9-19,22H2,1H3,(H,25,26)","DSOWUEHXZJUNID"
"444_449.3_8.9",444,449.302882296541,8.911638,0.0311835067474043,1.50607504772923,1.48415016234996,0.569637067375021,NA,NA,NA,NA,NA,NA,NA,NA,NA,NA,NA,NA,NA,NA,NA,NA
"8_223.99_0.4",8,223.98896540704,0.4232889,0.0322732927326587,1.49115672276864,1.47568876141039,0.561388473621714,"Shikimates and Phenylpropanoids","Anthranilic acid alkaloids","Anthranillic acid derivatives","Maybridge1_007225",NA,NA,"C1=CC(=C(C(=C1)Cl)C=C[N+](=O)[O-])F",NA,NA,NA,NA,NA,NA,NA,"InChI=1S/C8H5ClFNO2/c9-7-2-1-3-8(10)6(7)4-5-11(12)13/h1-5H","JCIAIKBVPVMTBD"
"122_180.09_0.6",122,180.086695265937,0.6089297,0.0323624977954978,1.48995796614079,1.36980947685915,0.453975246539931,"Amino acids and Peptides","Small peptides","Aminosugars","Manosamine","C([C@@H]1[C@H]([C@@H]([C@@H](C(O)O1)O)O)O)O","NC(CCC(=O)O)C(=O)O","C(C(C(C(C(C=O)N)O)O)O)O","\"\"InChI=1S/C6H12O6/c7-1-2-3(8)4(9)5(10)6(11)12-2/h2-11H,1H2/t2-,3-,4+,5+,6?/m1/s1\"\"",NA,"WQZGKKKJIJFFOK-QTVWNMPRSA-N","WQZGKKKJIJFFOK","WHUUTDBJXJRKMK","InChI=1S/C5H9NO4/c6-3(5(9)10)1-2-4(7)8/h3H,1-2,6H2,(H,7,8)(H,9,10)","WHUUTDBJXJRKMK-UHFFFAOYSA-N","InChI=1S/C6H13NO5/c7-3(1-8)5(11)6(12)4(10)2-9/h1,3-6,9-12H,2,7H2","FZHXIRIBWMQPQF"
"381_516.31_6.5",381,516.305982797739,6.542378,0.0358619383490133,1.4453662403865,1.4507936602133,0.536842346037856,"Fatty acids","Glycerophospholipids","Glycerophosphocholines","1-16:1-lysoPC",NA,"CCCCCC/C=C\CCCCCCCC(=O)O[C@H](CO)COP(=O)([O-])OCC[N+](C)(C)C","CCCCCCC=CCCCCCCCC(=O)OCC(COP(=O)(O)OCC[N+](C)(C)C)O",NA,NA,NA,NA,"OEJYWQCXHNOOHC","InChI=1S/C24H48NO7P/c1-5-6-7-8-9-10-11-12-13-14-15-16-17-18-24(27)32-23(21-26)22-31-33(28,29)30-20-19-25(2,3)4/h10-11,23,26H,5-9,12-22H2,1-4H3/b11-10-/t23-/m1/s1","OEJYWQCXHNOOHC-ZXEGGCGDSA-N","InChI=1S/C24H48NO7P/c1-5-6-7-8-9-10-11-12-13-14-15-16-17-18-24(27)30-21-23(26)22-32-33(28,29)31-20-19-25(2,3)4/h10-11,23,26H,5-9,12-22H2,1-4H3/p+1","LFUDDCMNKWEORN"
"193_258.11_1",193,258.110515814109,0.95055,0.0358886549314621,1.44504281825607,1.52387080607218,0.607740596177868,"Fatty acids","Glycerophospholipids","Glycerophosphocholines","Gliatilin (TN)","C[N+](C)(C)CCOP(=O)([O-])OC[C@@H](CO)O",NA,"C[N+](C)(C)CCOP(=O)(O)OCC(CO)O","\"\"InChI=1S/C8H20NO6P/c1-9(2,3)4-5-14-16(12,13)15-7-8(11)6-10/h8,10-11H,4-7H2,1-3H3/t8-/m1/s1\"\"",NA,"SUHOQUVVVLNYQR-MRVPVSSYSA-N","SUHOQUVVVLNYQR",NA,NA,NA,"InChI=1S/C8H20NO6P/c1-9(2,3)4-5-14-16(12,13)15-7-8(11)6-10/h8,10-11H,4-7H2,1-3H3/p+1","SUHOQUVVVLNYQR"
"127_360.15_0.6",127,360.150153343503,0.6266896,0.0363856034311893,1.4390704181958,0.72352466074144,-0.466885904221516,"Alkaloids","Pseudoalkaloids","Purine alkaloids","N-(4-acetamidophenyl)-2-[(5-cyclopropyl-4-ethyl-1,2,4-triazol-3-yl)sulfanyl]acetamide",NA,"OCC1OC(OC2(CO)OC(CO)C(O)C2O)C(O)C(O)C1O|OCC1OC(OC2C(CO)OC(O)C(O)C2O)C(O)C(O)C1O|OCC1OC(OCC2OC(O)C(O)C(O)C2O)C(O)C(O)C1O|OC[C@H]1O[C@H](O[C@H]2[C@@H](O)[C@H](O)[C@@H](CO)O[C@@H]2O)[C@@H](O)[C@@H](O)[C@@H]1O","CCN1C(=NN=C1SCC(=O)NC2=CC=C(C=C2)NC(=O)C)C3CC3",NA,NA,NA,NA,"CZMRCDWAGMRECN|GUBGYTABKSRVRQ|DLRVVLDZNNYCBX|HIWPGCMGAMJNRG","InChI=1S/C12H22O11/c13-1-4-6(16)8(18)9(19)11(21-4)23-12(3-15)10(20)7(17)5(2-14)22-12/h4-11,13-20H,1-3H2|InChI=1S/C12H22O11/c13-1-3-5(15)6(16)9(19)12(22-3)23-10-4(2-14)21-11(20)8(18)7(10)17/h3-20H,1-2H2|InChI=1S/C12H22O11/c13-1-3-5(14)8(17)10(19)12(23-3)21-2-4-6(15)7(16)9(18)11(20)22-4/h3-20H,1-2H2|InChI=1S/C12H22O11/c13-1-3-6(16)8(18)10(11(20)21-3)23-12-9(19)7(17)5(15)4(2-14)22-12/h3-20H,1-2H2/t3-,4-,5-,6-,7+,8+,9+,10+,11+,12-/m1/s1","CZMRCDWAGMRECN-UHFFFAOYSA-N|GUBGYTABKSRVRQ-UHFFFAOYSA-N|DLRVVLDZNNYCBX-UHFFFAOYSA-N|HIWPGCMGAMJNRG-LBGGPIGOSA-N","InChI=1S/C17H21N5O2S/c1-3-22-16(12-4-5-12)20-21-17(22)25-10-15(24)19-14-8-6-13(7-9-14)18-11(2)23/h6-9,12H,3-5,10H2,1-2H3,(H,18,23)(H,19,24)","RCEWNKADOBBYMI"
"378_452.28_6.5",378,452.277394062644,6.5114717,0.0365616500948147,1.43697421198358,1.45820159811878,0.544190187772175,"Fatty acids","Glycerophospholipids","Glycerophosphoethanolamines","Lysophosphatidylethanolamine(16:1/0:0)",NA,NA,"CCCCCCC=CCCCCCCCC(=O)OCC(COP(=O)(O)OCCN)O",NA,NA,NA,NA,NA,NA,NA,"InChI=1S/C21H42NO7P/c1-2-3-4-5-6-7-8-9-10-11-12-13-14-15-21(24)27-18-20(23)19-29-30(25,26)28-17-16-22/h7-8,20,23H,2-6,9-19,22H2,1H3,(H,25,26)","DSOWUEHXZJUNID"
"371_468.31_6.3",371,468.30867509854,6.304534,0.036614480404833,1.43634712454543,1.45811705372974,0.544106540005665,"Fatty acids","Glycerophospholipids","Glycerophosphocholines","Lyso-dmpc",NA,"CCCCCCCCCCCCCC(=O)OC[C@@H](O)COP(=O)([O-])OCC[N+](C)(C)C","CCCCCCCCCCCCCC(=O)OCC(COP(=O)(O)OCC[N+](C)(C)C)O",NA,NA,NA,NA,"VXUOFDJKYGDUJI","InChI=1S/C22H46NO7P/c1-5-6-7-8-9-10-11-12-13-14-15-16-22(25)28-19-21(24)20-30-31(26,27)29-18-17-23(2,3)4/h21,24H,5-20H2,1-4H3/t21-/m1/s1","VXUOFDJKYGDUJI-OAQYLSRUSA-N","InChI=1S/C22H46NO7P/c1-5-6-7-8-9-10-11-12-13-14-15-16-22(25)28-19-21(24)20-30-31(26,27)29-18-17-23(2,3)4/h21,24H,5-20H2,1-4H3/p+1","VXUOFDJKYGDUJI"
"442_483.31_8.9",442,483.307870041722,8.902934,0.0373372136259646,1.42785809538588,1.45424269986,0.54026806201203,NA,NA,NA,NA,NA,NA,NA,NA,NA,NA,NA,NA,NA,NA,NA,NA
"400_480.31_7.1",400,480.30870594491,7.14405,0.0374279077209505,1.42680444995326,1.46433869620378,0.550249282323744,"Fatty acids","Glycerophospholipids","Glycerophosphoethanolamines","1-18:1-lysoPE",NA,"CCCCCCCC/C=C\CCCCCCCC(=O)OC[C@@H](O)COP(=O)(O)OCCN","CCCCCCCCC=CCCCCCCCC(=O)OCC(COP(=O)(O)OCCN)O",NA,NA,NA,NA,"PYVRVRFVLRNJLY","InChI=1S/C23H46NO7P/c1-2-3-4-5-6-7-8-9-10-11-12-13-14-15-16-17-23(26)29-20-22(25)21-31-32(27,28)30-19-18-24/h9-10,22,25H,2-8,11-21,24H2,1H3,(H,27,28)/b10-9-/t22-/m1/s1","PYVRVRFVLRNJLY-MZMPXXGTSA-N","InChI=1S/C23H46NO7P/c1-2-3-4-5-6-7-8-9-10-11-12-13-14-15-16-17-23(26)29-20-22(25)21-31-32(27,28)30-19-18-24/h9-10,22,25H,2-8,11-21,24H2,1H3,(H,27,28)","PYVRVRFVLRNJLY"
"311_207.16_3.9",311,207.159169516426,3.9242454,0.0409350663476637,1.38790450136821,1.37177395977583,0.456042774530509,"Fatty acids","Glycerolipids","Monoacylglycerols","Dowanol tbat",NA,NA,"CCCCOCCOCCOCCO",NA,NA,NA,NA,NA,NA,NA,"InChI=1S/C10H22O4/c1-2-3-5-12-7-9-14-10-8-13-6-4-11/h11H,2-10H2,1H3","COBPKKZHLDDMTB"
"288_304.15_2.9",288,304.154385653445,2.9279153,0.0415153971051026,1.38179080358609,0.683349163811651,-0.549305169105524,"Alkaloids","Ornithine alkaloids","Tropane alkaloids","Blizzard","CN1C2CCC1C(C(C2)OC(=O)C3=CC=CC=C3)C(=O)OC","CN1[C@@H]2C[C@@H](OC(=O)[C@H](CO)c3ccccc3)C[C@H]1[C@@H]1O[C@@H]12","CN1C2CCC1C(C(C2)OC(=O)C3=CC=CC=C3)C(=O)OC","ZPUCINDJVBIVPJ-LJISPDSOSA-N",NA,"ZPUCINDJVBIVPJ-UHFFFAOYSA-N","ZPUCINDJVBIVPJ","STECJAGHUSJQJN","InChI=1S/C17H21NO4/c1-18-13-7-11(8-14(18)16-15(13)22-16)21-17(20)12(9-19)10-5-3-2-4-6-10/h2-6,11-16,19H,7-9H2,1H3/t11-,12-,13-,14+,15-,16+/m1/s1","STECJAGHUSJQJN-FWXGHANASA-N","InChI=1S/C17H21NO4/c1-18-12-8-9-13(18)15(17(20)21-2)14(10-12)22-16(19)11-6-4-3-5-7-11/h3-7,12-15H,8-10H2,1-2H3","ZPUCINDJVBIVPJ"
"323_243.21_4.6",323,243.206800471996,4.5750933,0.0422172633623539,1.37450992226353,1.46635430615757,0.552233735107334,"Fatty acids","Fatty amides","N-acyl amines","N-Octylglutaramide",NA,NA,"CCCCCCCCNC(=O)CCCC(=O)N",NA,NA,NA,NA,NA,NA,NA,"InChI=1S/C13H26N2O2/c1-2-3-4-5-6-7-11-15-13(17)10-8-9-12(14)16/h2-11H2,1H3,(H2,14,16)(H,15,17)","XZSSBMSSPYZGBW"
"167_182.08_0.8",167,182.08141081489,0.7881251,0.0424385886550622,1.37223906750186,1.57120483064347,0.651871270314292,"Amino acids and Peptides","Small peptides","Aminoacids","tyrosine",NA,"NC(Cc1ccc(O)cc1)C(=O)O","C1=CC(=CC=C1CC(C(=O)O)N)O",NA,NA,NA,NA,"OUYCCCASQSFEME","InChI=1S/C9H11NO3/c10-8(9(12)13)5-6-1-3-7(11)4-2-6/h1-4,8,11H,5,10H2,(H,12,13)","OUYCCCASQSFEME-UHFFFAOYSA-N","InChI=1S/C9H11NO3/c10-8(9(12)13)5-6-1-3-7(11)4-2-6/h1-4,8,11H,5,10H2,(H,12,13)","OUYCCCASQSFEME"
"5_200.97_0.4",5,200.973157649136,0.4141958,0.0431673539239541,1.36484457194707,1.54755992887413,0.629995278528673,"Alkaloids","Pseudoalkaloids","Aminoacids","N-Nitrosothioproline",NA,NA,"C1C(N(CS1)N=O)C(=O)O",NA,NA,NA,NA,NA,NA,NA,"InChI=1S/C4H6N2O3S/c7-4(8)3-1-10-2-6(3)5-9/h3H,1-2H2,(H,7,8)","LGLMHMRNPVACGS"
"279_193.14_2.8",279,193.14358699529,2.758818,0.0438332967166684,1.35819586468679,1.60720399840836,0.684553058330642,"Fatty acids","Glycerolipids","Monoacylglycerols","((Methylethylene)bis(oxy))dipropanol",NA,"CCCCCC(O)CC(=O)O","CC(CO)OCC(C)OCC(C)O",NA,NA,NA,NA,"NDPLAKGOSZHTPH","InChI=1S/C8H16O3/c1-2-3-4-5-7(9)6-8(10)11/h7,9H,2-6H2,1H3,(H,10,11)","NDPLAKGOSZHTPH-UHFFFAOYSA-N","InChI=1S/C9H20O4/c1-7(11)5-12-9(3)6-13-8(2)4-10/h7-11H,4-6H2,1-3H3","LCZVSXRMYJUNFX"
"116_365.11_0.6",116,365.10570898724,0.5976796,0.0443784386970538,1.35282798099499,1.40083166425975,0.486283599788034,"Carbohydrates","Saccharides","Disaccharides","Nigerose","OC[C@H]1O[C@@H](OC2=C(CCC(O)=O)C=CC=C2O)[C@H](O)[C@@H](O)[C@@H]1O",NA,"C(C1C(C(C(C(O1)O)O)OC2C(C(C(C(O2)CO)O)O)O)O)O","InChI=1S/C15H20O9/c16-6-9-11(20)12(21)13(22)15(23-9)24-14-7(4-5-10(18)19)2-1-3-8(14)17/h1-3,9,11-13,15-17,20-22H,4-6H2,(H,18,19)/t9-,11-,12+,13-,15+/m1/s1",NA,"APQFDHZCDLNMLA-APACUCGBSA-N","APQFDHZCDLNMLA",NA,NA,NA,"InChI=1S/C12H22O11/c13-1-3-5(15)7(17)8(18)12(22-3)23-10-6(16)4(2-14)21-11(20)9(10)19/h3-20H,1-2H2","QIGJYVCQYDKYDW"
"164_194.08_0.8",164,194.084843737367,0.76983035,0.0448302933890379,1.34842841891196,1.52487683171344,0.608692717132943,"Amino acids and Peptides","Small peptides","Aminoacids","3-(butylsulfinyl)alanine",NA,"O=C(O)C1CCCN1|O=C(O)C1CSCN1","CCCCS(=O)CC(C(=O)O)N",NA,NA,NA,NA,"ONIBWKKTOPOVIA|DZLNHFMRPBPULJ","InChI=1S/C5H9NO2/c7-5(8)4-2-1-3-6-4/h4,6H,1-3H2,(H,7,8)|InChI=1S/C4H7NO2S/c6-4(7)3-1-8-2-5-3/h3,5H,1-2H2,(H,6,7)","ONIBWKKTOPOVIA-UHFFFAOYSA-N|DZLNHFMRPBPULJ-UHFFFAOYSA-N","InChI=1S/C7H15NO3S/c1-2-3-4-12(11)5-6(8)7(9)10/h6H,2-5,8H2,1H3,(H,9,10)","CBFHOPPJBYHALQ"
"258_130.16_2",258,130.159229741902,2.007713,0.0461348495398302,1.33597089142057,1.39789974094022,0.483260892590872,"Fatty acids","Pseudoalkaloids","Amino fatty acids","Dibutilamina",NA,NA,"CCCCNCCCC",NA,NA,NA,NA,NA,NA,NA,"InChI=1S/C8H19N/c1-3-5-7-9-8-6-4-2/h9H,3-8H2,1-2H3","JQVDAXLFBXTEQA"
"361_466.29_5.9",361,466.29306099776,5.89868,0.0478617674549715,1.32001126765806,1.48324106351732,0.568753090629977,"Fatty acids","Glycerophospholipids","Glycerophosphocholines","Lysophosphatidylcholine(14:1/0:0)","CCCCCCCCCCCCC/C=C/[C@H]([C@H](COP(=O)([O-])OCC[N+](C)(C)C)N)O",NA,"CCCCC=CCCCCCCCC(=O)OCC(COP(=O)(O)OCC[N+](C)(C)C)O","InChI=1S/C23H49N2O5P/c1-5-6-7-8-9-10-11-12-13-14-15-16-17-18-23(26)22(24)21-30-31(27,28)29-20-19-25(2,3)4/h17-18,22-23,26H,5-16,19-21,24H2,1-4H3/b18-17+/t22-,23+/m0/s1",NA,"JLVSPVFPBBFMBE-HXSWCURESA-N","JLVSPVFPBBFMBE",NA,NA,NA,"InChI=1S/C22H44NO7P/c1-5-6-7-8-9-10-11-12-13-14-15-16-22(25)28-19-21(24)20-30-31(26,27)29-18-17-23(2,3)4/h8-9,21,24H,5-7,10-20H2,1-4H3/p+1","JXGLGTFMAQOJBB"
"13_151.95_0.4",13,151.949763663312,0.42971095,0.0482428228648751,1.31656728795808,1.39496512023318,0.480229049297668,NA,NA,NA,NA,NA,NA,NA,NA,NA,NA,NA,NA,NA,NA,NA,NA
"392_496.34_7",392,496.33990065618,6.9502935,0.0487532448036922,1.31199647425381,1.43630501236845,0.522362151044564,"Fatty acids","Glycerophospholipids","Glycerophosphocholines","1-16:0-lysoPC","CCCCCCCCCCCCCCCC(=O)OCC(O)COP(=O)(O)OCC[N+](C)(C)C","CCCCCCCCCCCCCCCC(=O)OC[C@@H](O)COP(=O)([O-])OCC[N+](C)(C)C","CCCCCCCCCCCCCCCC(=O)OCC(COP(=O)(O)OCC[N+](C)(C)C)O","InChI=1S/C24H50NO7P/c1-5-6-7-8-9-10-11-12-13-14-15-16-17-18-24(27)30-21-23(26)22-32-33(28,29)31-20-19-25(2,3)4/h23,26H,5-22H2,1-4H3/p+1","ASWBNKHCZGQVJV-UHFFFAOYSA-O","ASWBNKHCZGQVJV-UHFFFAOYSA-O","ASWBNKHCZGQVJV","ASWBNKHCZGQVJV","InChI=1S/C24H50NO7P/c1-5-6-7-8-9-10-11-12-13-14-15-16-17-18-24(27)30-21-23(26)22-32-33(28,29)31-20-19-25(2,3)4/h23,26H,5-22H2,1-4H3/t23-/m1/s1","ASWBNKHCZGQVJV-HSZRJFAPSA-N","InChI=1S/C24H50NO7P/c1-5-6-7-8-9-10-11-12-13-14-15-16-17-18-24(27)30-21-23(26)22-32-33(28,29)31-20-19-25(2,3)4/h23,26H,5-22H2,1-4H3/p+1","ASWBNKHCZGQVJV"
"1_218.98_0.4",1,218.983650750842,0.411397,0.0490481772176638,1.30937712771359,1.54785289851945,0.630268370280419,"Shikimates and Phenylpropanoids","Pseudoalkaloids","Simple phenolic acids","2,3,5,6-tetrafluorobenyl alcohol",NA,NA,"C1=C(C(=C(C(=C1F)F)CO)F)F",NA,NA,NA,NA,NA,NA,NA,"InChI=1S/C7H4F4O/c8-4-1-5(9)7(11)3(2-12)6(4)10/h1,12H,2H2","AGWVQASYTKCTCC"
"14_149.95_0.4",14,149.95286117831,0.43005347,0.0493356213870046,1.30683939744549,1.41762297415514,0.503473889670858,"Fatty acids","Small peptides","Simple phenolic acids",NA,NA,NA,NA,NA,NA,NA,NA,NA,NA,NA,NA,NA
"359_281.3_5.9",359,281.295110106613,5.884161,0.0498935318009873,1.30195575267756,1.47111835075345,0.556913315373683,NA,NA,NA,NA,NA,NA,NA,NA,NA,NA,NA,NA,NA,NA,NA,NA
"171_148.1_0.8",171,148.096931053981,0.8030808,0.0499175090108737,1.30174709499679,0.666010173495567,-0.586383879843823,"Amino acids and Peptides","Small peptides","Aminoacids","Homoserine,O-ethyl-","C(CC(=N)O)[C@@H](C(=O)O)N","CC(C)CC(=O)C(=O)O","CCOCCC(C(=O)O)N","InChI=1S/C5H10N2O3/c6-3(5(9)10)1-2-4(7)8/h3H,1-2,6H2,(H2,7,8)(H,9,10)/t3-/m0/s1",NA,"ZDXPYRJPNDTMRX-VKHMYHEASA-N","ZDXPYRJPNDTMRX","BKAJNAXTPSGJCU","InChI=1S/C6H10O3/c1-4(2)3-5(7)6(8)9/h4H,3H2,1-2H3,(H,8,9)","BKAJNAXTPSGJCU-UHFFFAOYSA-N","InChI=1S/C6H13NO3/c1-2-10-4-3-5(7)6(8)9/h5H,2-4,7H2,1H3,(H,8,9)","YCSFMOVBARTLBW"
